Price,Close,High,Low,Open,Volume
Ticker,AAPL,AAPL,AAPL,AAPL,AAPL
Date,,,,,
2019-01-02,37.538818359375,37.759888517261295,36.66167592649953,36.81856395762742,148158800
2019-01-03,33.7996711730957,34.63877937995314,33.75450611274441,34.225166520409374,365248800
2019-01-04,35.24256134033203,35.311498641777554,34.18238645663675,34.35591215580835,234428400
2019-01-07,35.16411209106445,35.37805128112703,34.681565561258495,35.3471481073425,219111200
2019-01-08,35.83445739746094,36.08880653095804,35.30436992220377,35.55158448343476,164101200
2019-01-09,36.44298553466797,36.73298936707537,35.56822249255178,35.96281471962946,180396400
2019-01-10,36.5594596862793,36.59986957627264,35.8605981869204,36.25043882659319,143122800
2019-01-11,36.20052719116211,36.53569613305001,36.01511535674199,36.340777580487256,108092800
2019-01-14,35.65618133544922,35.9580713530203,35.47076948267563,35.85823448053716,129756800
2019-01-15,36.385929107666016,36.46199370589314,35.668050646147016,35.720346644298694,114843600
2019-01-16,36.83045196533203,37.053897907115854,36.369298192226466,36.388315253988246,122278800
2019-01-17,37.049156188964844,37.477031166149715,36.431114152238365,36.654560175164626,119284800
2019-01-18,37.277339935302734,37.52930962970912,37.077662621334206,37.43897950260748,135004000
2019-01-22,36.44059753417969,37.25593334732464,36.27895438368765,37.17986875607661,121576000
2019-01-23,36.58798599243164,36.87798981327915,36.06027435955394,36.64265777360124,92522400
2019-01-24,36.29798889160156,36.72110858517878,36.06979138099998,36.63315783912755,101766000
2019-01-25,37.50079345703125,37.58874783817731,36.68308140504096,36.9588197863806,134142000
2019-01-28,37.15373229980469,37.160863244101265,36.52618381177193,37.03249899249603,104768400
2019-01-29,36.768646240234375,37.58874117410674,36.633154660160066,37.14184928285267,166348800
2019-01-30,39.281211853027344,39.49514741075342,38.087917745132394,38.80579627840674,244439200
2019-01-31,39.564083099365234,40.172614429915,39.11719131662213,39.485639097471,162958400
2019-02-01,39.58311080932617,40.1678700686223,39.44286042612328,39.68770283999932,130672400
2019-02-04,40.707462310791016,40.8049233830398,39.76376201843734,39.79466519430484,125982000
2019-02-05,41.40393829345703,41.617877466125684,40.968936259342954,41.090165918195574,144406400
2019-02-06,41.418209075927734,41.73436089051288,41.08779537344349,41.515666518949295,112958400
2019-02-07,40.63377380371094,41.34689723690451,40.491147666218886,40.980825176670464,126966800
2019-02-08,40.681522369384766,40.741204197762116,40.206453704132734,40.342530021324166,95280000
2019-02-11,40.44756317138672,40.87250110070133,40.40459400749151,40.83430385989045,83973600
2019-02-12,40.79611587524414,40.82237602892357,40.51202975162763,40.60752287532111,89134000
2019-02-13,40.626609802246094,41.17568331587446,40.5645420161693,40.91547143544663,89960800
2019-02-14,40.774620056152344,40.884432564786806,40.43562775647638,40.51440819581286,87342800
2019-02-15,40.68391036987305,40.98948105506245,40.52396349892937,40.88205448713788,98507200
2019-02-19,40.8056640625,40.927417341950274,40.46189973940875,40.51442004766372,75891200
2019-02-20,41.06826400756836,41.37622431606571,40.81998917675937,40.86773391621993,104457600
2019-02-21,40.83668899536133,41.149421157459315,40.65525756921384,41.01334849852102,68998800
2019-02-22,41.292667388916016,41.29982891754432,40.913091800855874,40.96083653927457,75652800
2019-02-25,41.59345626831055,41.98496889280759,41.526612916032235,41.576747251585715,87493600
2019-02-26,41.617332458496094,41.8488982409956,41.340407904190954,41.46932269171113,68280800
2019-02-27,41.746246337890625,41.77728205593581,41.235370005885635,41.34996174511865,111341600
2019-02-28,41.33562088012695,41.75578316128007,41.2807146339085,41.61493496143382,112861600
2019-03-01,41.770118713378906,41.81308788170758,41.273565459672234,41.60539628273946,103544800
2019-03-04,41.98019027709961,42.433770615634195,41.53138186104595,41.94199304111868,109744800
2019-03-05,41.9037971496582,42.01599925727172,41.667455842468,42.001676203991536,78949600
2019-03-06,41.662696838378906,41.894262652048724,41.52423454258839,41.698504482682424,83241600
2019-03-07,41.180458068847656,41.64358960039428,41.06586998808738,41.5075132948063,99185600
2019-03-08,41.27834701538086,41.31654426567523,40.46428587659716,40.66004405233811,95997600
2019-03-11,42.70830154418945,42.76082182811587,41.860822760998275,41.89424442870704,128044000
2019-03-12,43.18815612792969,43.608314858828265,42.82051405104015,42.970913413648546,129870400
2019-03-13,43.3791389465332,43.75871447631922,43.19054234110201,43.50805008474166,124130000
2019-03-14,43.86135482788086,43.94968638379497,43.582044393932,43.90193802159767,94318000
2019-03-15,44.431922912597656,44.7207845418945,43.86375442838504,44.12874187114219,156171600
2019-03-18,44.88551330566406,44.97384125151117,44.35314874059598,44.35553834520154,104879200
2019-03-19,44.52981185913086,45.11708273704642,44.384188031378365,44.9642973802807,126585600
2019-03-20,44.918922424316406,45.236430119419495,44.100086022694995,44.458176915154105,124140800
2019-03-21,46.573307037353516,46.8693301940771,45.31282721306185,45.362961547719905,204136800
2019-03-22,45.60885238647461,47.19400154727684,45.544394994118264,46.63299092298744,169630800
2019-03-25,45.05738067626953,45.83085460404749,44.54650452738722,45.718652509615,175381200
2019-03-26,44.59186935424805,46.045721333722135,44.064284077836106,45.75447374551605,199202000
2019-03-27,44.99292755126953,45.30088411777176,44.53457164340934,45.05977089349775,119393600
2019-03-28,45.0526123046875,45.25314234444775,44.768526260349205,45.107518558807506,83121600
2019-03-29,45.346256256103516,45.37729197510996,45.00964984172448,45.31761014175297,94256000
2019-04-01,45.654205322265625,45.759242263268476,44.97144517095689,45.74969477506426,111448000
2019-04-02,46.317874908447266,46.4229155104042,45.60885448792773,45.618401977792104,91062800
2019-04-03,46.6353759765625,46.9099108936737,46.11017304222749,46.13404722749335,93087200
2019-04-04,46.71654510498047,46.87887791765802,46.107789772060734,46.50168835311438,76457200
2019-04-05,47.02928161621094,47.05315580507173,46.773841637621636,46.897980862856144,74106400
2019-04-08,47.76934051513672,47.800372591218704,46.87172341690704,46.8908220405598,103526800
2019-04-09,47.626102447509766,48.42584046197502,47.5616450483043,47.8218606070634,143072800
2019-04-10,47.89347457885742,47.92212433476872,47.31097932542279,47.430342987431864,86781200
2019-04-11,47.49480056762695,47.98419231228525,47.373050943277576,47.948384670620705,83603200
2019-04-12,47.47570037841797,47.778885091039584,46.840688483477834,47.55448083017114,111042800
2019-04-15,47.5616340637207,47.70964745151515,47.27038649628247,47.40646279176766,70146400
2019-04-16,47.5664176940918,48.07251843814989,47.40169526328692,47.61655203321536,102785600
2019-04-17,48.49267578125,48.55235760399355,47.41362740609359,47.635642038208694,115627200
2019-04-18,48.66694641113281,48.73617572376677,48.34705271069138,48.490286901803195,96783200
2019-04-22,48.82689666748047,48.92477573931631,48.30408327313111,48.42106096698539,77758000
2019-04-23,49.53114318847656,49.5956005846408,48.676498948258654,48.80302413607264,93292000
2019-04-24,49.45475769042969,49.76987589179635,49.428497536758286,49.502502430916735,70162400
2019-04-25,49.00594711303711,49.597989884797855,48.96774986513253,49.37597521139635,74172800
2019-04-26,48.77198028564453,48.939088640268636,48.25155296102782,48.91521445702708,74596400
2019-04-29,48.84598922729492,49.170658475934694,48.66694376611907,48.79585489538242,88818800
2019-04-30,47.90540313720703,48.557127595690886,47.53298916093055,48.47596119423354,186139600
2019-05-01,50.25687026977539,51.400372389710334,49.948910024794905,50.10408494939952,259309200
2019-05-02,49.929813385009766,50.765358935797714,49.68631416151659,50.09453580499543,127985200
2019-05-03,50.550506591796875,50.57199117489854,50.1876400699806,50.34520096477196,83569600
2019-05-06,49.76987075805664,49.855812739144525,48.58100972191574,48.76960270232786,129772400
2019-05-07,48.42821502685547,49.51681081520747,47.943598951274986,49.149172415442294,155054800
2019-05-08,48.437774658203125,49.020269936554875,48.16323968091457,48.19904732397306,105358000
2019-05-09,47.9173469543457,48.14652313682094,46.94811463835433,47.840952465060795,139634400
2019-05-10,47.2535285949707,47.65374175144033,46.196689560280035,47.31104511214,164834800
2019-05-13,44.507171630859375,45.408241627342775,43.81938698504411,44.98406973256331,229722400
2019-05-14,45.211734771728516,45.46096566171211,44.432883212543324,44.67252984613877,146118800
2019-05-15,45.753326416015625,45.95223352405222,44.57905959047362,44.63897123783222,106178800
2019-05-16,45.55203628540039,46.124791640359376,45.25487311897266,45.51129679315685,132125600
2019-05-17,45.293209075927734,45.74853617008886,44.75639935564675,44.79713884034815,131516400
2019-05-20,43.87691116333008,44.1788683300626,43.203504556122255,43.979961140510966,154449200
2019-05-21,44.71806335449219,45.05356717931072,44.26273255598997,44.387349829515756,113459200
2019-05-22,43.802608489990234,44.5047749813333,43.7474907918009,44.25314530140876,118994400
2019-05-23,43.05491638183594,43.265802939260645,42.611568633482584,43.08846676529334,146118800
2019-05-24,42.889549255371094,43.64922848473397,42.80567148862793,43.184313528603276,94858800
2019-05-28,42.712223052978516,43.27778931506044,42.63553802351406,42.87757983293096,111792800
2019-05-29,42.508514404296875,42.98061849135035,42.17780093138999,42.27845206298842,113924800
2019-05-30,42.7289924621582,42.9518620603252,42.33836730703267,42.64511468367893,84873600
2019-05-31,41.95493698120117,42.65470469718947,41.935764812126756,42.23292429098691,108174400
2019-06-03,41.53076171875,42.637927979424546,40.804632722240406,42.08194969920505,161584400
2019-06-04,43.05012512207031,43.095658571768766,41.8231354139418,42.043609898576285,123872000
2019-06-05,43.745094299316406,44.33223146910396,43.40959047948128,44.16208075258354,119093600
2019-06-06,44.38734817504883,44.447259831298844,43.65163128107434,43.87450454381739,90105200
2019-06-07,45.56881332397461,45.99298895828107,44.519163384744395,44.69649958213684,122737600
2019-06-10,46.151145935058594,46.8197583874518,45.92108357381099,45.966617016110206,104883600
2019-06-11,46.6855583190918,46.9707383872319,46.395587951299646,46.697541381656485,107731600
2019-06-12,46.536983489990234,46.96355423391582,46.34526543888805,46.47946697764428,73012800
2019-06-13,46.52739334106445,47.16006031960597,46.395590615436326,46.65919972341008,86698400
2019-06-14,46.18949508666992,46.393192538300454,45.604756695226875,45.90431499766962,75046000
2019-06-17,46.46507263183594,46.72149621321161,46.05288024492378,46.227821214585994,58676400
2019-06-18,47.557861328125,47.99881014156581,46.781408777656715,46.9827110198732,106204000
2019-06-19,47.418880462646484,47.9005725592601,47.284678926559096,47.852640304899516,84496800
2019-06-20,47.7999153137207,48.075507457573906,47.45721875366059,48.0179909537039,86056000
2019-06-21,47.636959075927734,48.133029378756156,47.48598052172473,47.64175303263574,191202400
2019-06-24,47.589019775390625,47.96766182237371,47.490763796922536,47.5794318641311,72881600
2019-06-25,46.86769485473633,47.751987879310825,46.80059043176467,47.55308073051549,84281200
2019-06-26,47.88140106201172,48.1665811585655,47.29426750501623,47.3949186584968,104270000
2019-06-27,47.86701583862305,48.3055695796001,47.82627635318371,47.99881855051386,83598800
2019-06-28,47.43085479736328,47.80949686547988,47.222363424791055,47.612984897575586,124442400
2019-07-01,48.30077362060547,49.00533521929681,48.08508948363142,48.68899994775499,109012000
2019-07-02,48.58356475830078,48.679425613175255,48.255250015060284,48.26723307900931,67740800
2019-07-03,48.98616027832031,48.99334938347399,48.57396785149787,48.715358461809224,45448000
2019-07-05,48.943031311035156,49.14673241375876,48.62430084723059,48.732144758506294,69062000
2019-07-08,47.93412780761719,48.264837724616385,47.54829652385314,48.123447067370165,101354400
2019-07-09,48.22650146484375,48.29120343864577,47.64415810359733,47.73762016691857,82312000
2019-07-10,48.7033805847168,48.82320389232049,48.30317117612652,48.37267074229826,71588400
2019-07-11,48.34871292114258,48.98137994767097,48.339128663843894,48.722561119993294,80767200
2019-07-12,48.720157623291016,48.8879095226626,48.45654488376627,48.51645653759306,70380800
2019-07-15,49.17788314819336,49.33604713394336,48.88790913700364,48.90947645459903,67789600
2019-07-16,49.00774002075195,49.3935712742745,48.76809337028373,49.02930734168184,67467200
2019-07-17,48.73214340209961,49.14912619568089,48.712971233000175,48.89989531082296,56430000
2019-07-18,49.285728454589844,49.33845100749355,48.816019435097935,48.88791415785004,74162400
2019-07-19,48.550010681152344,49.48702989725492,48.49489297923967,49.31687917824089,83717200
2019-07-22,49.65957260131836,49.66196775108629,48.79444816186031,48.804032417649225,89111600
2019-07-23,50.04780197143555,50.064578990974375,49.67634895884314,49.956738737439146,73420800
2019-07-24,50.00706100463867,50.12209036122868,49.64759106566724,49.76741437865772,59966400
2019-07-25,49.611637115478516,50.143652827411785,49.542137557976254,50.05977505986539,55638400
2019-07-26,49.78419494628906,50.26108942568483,49.640405497764334,49.72188447879348,70475600
2019-07-29,50.24911117553711,50.47917358387077,49.95195164997363,49.956745607175016,86693600
2019-07-30,50.033424377441406,50.36413790530998,49.681143529942474,50.028630420839946,135742800
2019-07-31,51.054317474365234,53.05057438127152,50.63733467006725,51.86432427022654,277125600
2019-08-01,49.949546813964844,52.25015599273981,49.54454706892121,51.260414211398206,216071600
2019-08-02,48.89270782470703,49.470253439827765,48.31995250948189,49.25457292956728,163448400
2019-08-05,46.33327865600586,47.6058016786869,46.151148533272625,47.44763768168687,209572000
2019-08-06,47.21037673950195,47.466800337930344,46.501021246541924,47.045020012547816,143299200
2019-08-07,47.69926071166992,47.823877975536284,46.448308743686994,46.82934598449226,133457600
2019-08-08,48.751312255859375,48.775278381580826,47.78314147822122,47.97725466372589,108038000
2019-08-09,48.34959030151367,48.775373879354945,47.94064014742092,48.424162442131816,98478800
2019-08-12,48.22689437866211,48.604570850192594,47.906952942126594,48.020015091526766,89927600
2019-08-13,50.269229888916016,51.031795643671664,48.22689828437496,48.356801205981334,188874000
2019-08-14,48.772972106933594,49.66062875871768,48.73448207413917,48.87160143948995,146189600
2019-08-15,48.529998779296875,49.3478915876303,48.03204373725205,48.94375735403797,108909600
2019-08-16,49.675048828125,49.833817419611805,49.035165962273794,49.14101168993166,110481600
2019-08-19,50.601200103759766,51.17372364887826,50.5242200506216,50.66614789415775,97654400
2019-08-20,50.603607177734375,51.32287444811057,50.59398650586073,50.728697935758746,107537200
2019-08-21,51.15208053588867,51.395041975423894,50.90190267433042,51.23627702030587,86141600
2019-08-22,51.10877990722656,51.585082094265125,50.69742551573104,51.2843856202691,89014800
2019-08-23,48.74650192260742,51.01014564047347,48.35198833377321,50.37988339602778,187272000
2019-08-26,49.67264938354492,49.841038661740455,49.32865073537815,49.521097197863455,104174400
2019-08-27,49.11214828491211,50.168194019276,48.96059610686594,50.00220899962749,103493200
2019-08-28,49.44172286987305,49.487429326878846,48.91009349354978,49.09772782291231,63755200
2019-08-29,50.27885818481445,50.35343399884403,49.71355097691558,50.156175336347125,83962000
2019-08-30,50.21390151977539,50.62525219652797,49.84344144801472,50.55549223711403,84573600
2019-09-03,49.48260498046875,49.790517838568434,49.126581426530514,49.65821067205432,80092000
2019-09-04,50.32215118408203,50.391911143051544,49.87231048470653,50.12970472847496,76752400
2019-09-05,51.306034088134766,51.4720191264989,50.88024685980213,50.99812119719681,95654800
2019-09-06,51.30121994018555,51.5802671339122,51.12080206554331,51.491262157017566,77449200
2019-09-09,51.52012634277344,52.06619212190076,50.774401351657886,51.681299198955934,109237600
2019-09-10,52.12874221801758,52.14798723364633,50.92836419189196,51.44556068094827,127111600
2019-09-11,53.786170959472656,53.81504031277517,52.376505948455474,52.45829816710009,177158400
2019-09-12,53.66590118408203,54.46695704558074,53.610574059650254,54.07725558292079,128906800
2019-09-13,52.621883392333984,53.1126184269581,52.205720496590914,52.922579868861604,159053200
2019-09-16,52.89852523803711,52.95385603523136,52.33562228773011,52.37651657004013,84632400
2019-09-17,53.090972900390625,53.119842260186005,52.71089208682014,52.9129629229416,73274800
2019-09-18,53.58891677856445,53.60816179083854,52.787861036882994,53.177562441253684,101360000
2019-09-19,53.15351104736328,53.82706815074794,53.01157953501138,53.40609312582707,88242400
2019-09-20,52.37651062011719,53.53840217003478,52.3139670785029,53.254546476618714,221652400
2019-09-23,52.61466979980469,52.88409268266555,52.35727184016252,52.66999692668973,76662000
2019-09-24,52.36448669433594,53.52156984690006,52.24661602191957,53.170354738877656,124763200
2019-09-25,53.17034149169922,53.283403635047705,52.23457441441377,52.57376084445923,87613600
2019-09-26,52.8961067199707,53.148692438449224,52.64111675163237,52.92256815087056,75334000
2019-09-27,52.63871383666992,53.15350595673163,52.26825379467724,53.052468730289576,101408000
2019-09-30,53.87757873535156,54.024318726125784,53.11260518112533,53.13906661128495,103909600
2019-10-01,54.0267333984375,54.89995709155197,53.93291624988388,54.14220348174279,139223200
2019-10-02,52.67239761352539,53.78377052329629,52.42462036061147,53.658679771743714,138449200
2019-10-03,53.11982727050781,53.15350512192271,51.75105661191216,52.54489220535052,114426000
2019-10-04,54.60887145996094,54.72434152245183,53.858334406822216,54.279309374301256,138478800
2019-10-07,54.62089920043945,55.31129696176771,54.32741921974298,54.43086069028863,122306000
2019-10-08,53.98103332519531,54.86147354368214,53.96419623018985,54.3226277737233,111820000
2019-10-09,54.61369705200195,54.79651918996035,54.27932271391052,54.61369705200195,74770400
2019-10-10,55.34980773925781,55.43400423126309,54.67865473634979,54.830203283102854,113013600
2019-10-11,56.82200622558594,57.16600118945812,55.88383113476842,56.03778756451031,166795600
2019-10-14,56.74021911621094,57.28388067537885,56.451551243265854,56.50687836518263,96427600
2019-10-15,56.607913970947266,57.16840893665815,56.502068230785376,56.8653082294218,87360000
2019-10-16,56.37937927246094,56.58866649343661,56.09792784143595,56.138822117334186,73903200
2019-10-17,56.598297119140625,56.807580706314425,56.17491777307306,56.5525906643299,67585200
2019-10-18,56.87012481689453,57.15157628203032,56.36014109020242,56.43230897960908,97433600
2019-10-21,57.85640335083008,57.971873434702374,57.089029065616195,57.13713976525744,87247200
2019-10-22,57.72410583496094,58.26295159984093,57.642313599410386,58.01277373337686,82293600
2019-10-23,58.49868392944336,58.5131204412516,58.02719398747313,58.23888544666587,75828800
2019-10-24,58.59492111206055,58.88840117916926,58.169133855581286,58.81863753813231,69275200
2019-10-25,59.31658935546875,59.352671463902205,58.426528531534856,58.4938842476848,73477200
2019-10-28,59.910762786865234,59.958873485830956,59.350264150917546,59.51865343260309,96572800
2019-10-29,58.525150299072266,60.07915117989535,58.351952519479724,59.89151688727669,142839600
2019-10-30,58.5179328918457,59.00867154935717,58.024793654786826,58.87876862858786,124522000
2019-10-31,59.84099578857422,59.93962510180534,57.07458854156934,59.47535156050555,139162000
2019-11-01,61.53932189941406,61.5657796578389,59.93721065916853,60.02861986533581,151125200
2019-11-04,61.94347381591797,62.02767029711615,61.43349376919417,61.90257586520256,103272000
2019-11-05,61.854469299316406,62.109459324596685,61.65961856945548,61.83522061369756,79897600
2019-11-06,61.880924224853516,61.94106351751216,61.43108349036237,61.76786206100636,75864400
2019-11-07,62.595115661621094,62.81709595898497,62.276625072767246,62.428632279414,94940400
2019-11-08,62.766422271728516,62.83880314137399,61.97261103939182,62.41656422082973,69986400
2019-11-11,63.26345443725586,63.32859721707962,62.31763605688488,62.322458993562236,81821200
2019-11-12,63.205535888671875,63.40580187077444,62.95461066850528,63.10661047248142,87388800
2019-11-13,63.8111572265625,63.88595324448503,62.99080881616996,63.00528498975095,102734400
2019-11-14,63.36962127685547,63.91008474357513,63.23932834710609,63.637437860118794,89182800
2019-11-15,64.12239837646484,64.12722131238719,63.4588802057258,63.62053323662518,100206400
2019-11-18,64.44573974609375,64.52535872127152,63.75326893303377,64.13207205686805,86703200
2019-11-19,64.25028991699219,64.66287560634905,64.03313994171292,64.63874619503746,76167200
2019-11-20,63.5023078918457,64.19960133148248,62.829136494767454,64.06931579392736,106234400
2019-11-21,63.217620849609375,63.70017967174108,63.017354814997276,63.62296849301683,121395200
2019-11-22,63.162113189697266,63.499902835074955,62.935309992816094,63.35754889035371,65325200
2019-11-25,64.26959228515625,64.28648361025664,63.340665127052524,63.386508801889065,84020400
2019-11-26,63.767730712890625,64.4602013696049,63.33583855209806,64.40711961038312,105207600
2019-11-27,64.624267578125,64.65805022533677,64.01383104765496,64.0789738287976,65235600
2019-11-29,64.48189544677734,64.66285492885436,64.15616690638667,64.32506536829597,46617600
2019-12-02,63.73637390136719,64.7232058677252,63.56506757103598,64.48674938004301,94487200
2019-12-03,62.59994125366211,62.619240365203154,61.83749749069341,62.32487921217893,114430400
2019-12-04,63.1524658203125,63.531276233622215,62.896710253389905,62.990812750806576,67181600
2019-12-05,64.07896423339844,64.15376760341428,63.39132400118668,63.647079513946814,74424400
2019-12-06,65.31674194335938,65.38671502853519,64.49397833560806,64.53741422211255,106075600
2019-12-09,64.40228271484375,65.33844034044579,63.91730889994311,65.14541981961794,128042400
2019-12-10,64.77869415283203,65.16232750452161,64.14653595735392,64.80764650190102,90420400
2019-12-11,65.33121490478516,65.41084122340847,64.78351336435996,64.85830938290775,78756800
2019-12-12,65.49769592285156,65.76310470333209,64.49880315683109,64.60978960566402,137310400
2019-12-13,66.38801574707031,66.42420617913521,65.36981653316047,65.49769430196437,133587600
2019-12-16,67.52446746826172,67.74886296655289,66.82958879494798,66.83441173346745,128186000
2019-12-17,67.65715789794922,67.98529434981573,67.26869423240927,67.45448408416172,114158400
2019-12-18,67.4954833984375,68.0166476810069,67.34589137870454,67.50995957045932,116028400
2019-12-19,67.56304931640625,67.84293428071314,67.30488597596364,67.43758668961861,98369200
2019-12-20,67.42310333251953,68.19760799785504,67.21077632268339,68.09627479250878,275978000
2019-12-23,68.52335357666016,68.58367343016074,67.64750812570958,67.68611371554155,98572000
2019-12-24,68.58849334716797,68.73809276240259,68.26277204321963,68.68983393642199,48478800
2019-12-26,69.94932556152344,69.96621689004475,68.69226170080628,68.72121405640601,93121200
2019-12-27,69.92276763916016,70.92890598367917,69.51742001165071,70.24125821645885,146266000
2019-12-30,70.3377685546875,70.62006869460002,68.81771126880989,69.84073357609194,144114400
2019-12-31,70.85166931152344,70.85890739643632,69.85518456337404,69.95410996602372,100805600
2020-01-02,72.46826171875,72.52858156247073,71.22325926076245,71.4765996590847,135480400
2020-01-03,71.76371765136719,72.52374615608241,71.53932961570813,71.6961597256872,146322800
2020-01-06,72.33553314208984,72.37413871472036,70.6345169765996,70.88544951706788,118387200
2020-01-07,71.99535369873047,72.60095990158051,71.77578859164102,72.34520436217124,108872000
2020-01-08,73.15349578857422,73.45509501348069,71.69858142215591,71.69858142215591,132079200
2020-01-09,74.70732116699219,74.90034168837741,73.87973482074321,74.13066002589181,170108400
2020-01-10,74.8762435913086,75.44084394712849,74.37438560790245,74.94139375104534,140644800
2020-01-13,76.47592163085938,76.5024661955154,75.07408881301154,75.19232073386635,121532000
2020-01-14,75.4432373046875,76.62309704687446,75.3201898237738,76.41318515734736,161954400
2020-01-15,75.11991882324219,76.12364189473249,74.6880266854858,75.2429736592525,121923600
2020-01-16,76.0609130859375,76.17190690767254,75.30088447470833,75.66280356227105,108829200
2020-01-17,76.90296936035156,76.90537714681764,76.00299474011516,76.30941686178534,137816400
2020-01-21,76.38182067871094,76.97295078497612,76.2442896548719,76.53141272712692,110843200
2020-01-22,76.65445709228516,77.20698153576836,76.56035460570881,76.86677674803076,101832400
2020-01-23,77.02362060546875,77.1032395625604,76.15983628507468,76.70754520066748,104472000
2020-01-24,76.80162048339844,78.01284003043101,76.61100775709045,77.26970295766732,146537600
2020-01-27,74.54325103759766,75.2236531438023,73.56124240931901,74.81106755625872,161940000
2020-01-28,76.65204620361328,76.82335250031947,75.32500962430629,75.42393505290065,162234000
2020-01-29,78.25655364990234,79.103446634538,77.54236874294361,78.28309821074268,216229200
2020-01-30,78.14315032958984,78.19623208684209,76.90780110255082,77.33969324731856,126743200
2020-01-31,74.67838287353516,77.85602816826189,74.38402173692818,77.43378925544725,199588400
2020-02-03,74.47328186035156,75.6386578310323,72.91944232393651,73.42130011057627,173788400
2020-02-04,76.93192291259766,77.1225356625265,75.67244439973094,76.07779194419663,136616400
2020-02-05,77.55925750732422,78.35789164403798,76.95605907395962,78.0587002140709,118826800
2020-02-06,78.4664535522461,78.46886870193435,77.27212521509354,77.82947991175031,105425600
2020-02-07,77.39988708496094,78.21492705790754,76.9089278720762,77.9658198194633,117684000
2020-02-10,77.76750946044922,77.76750946044922,75.90525344548281,75.9850613598187,109348800
2020-02-11,77.29830932617188,78.33585640766411,77.08064401597953,78.26330376451229,94323200
2020-02-12,79.13397979736328,79.13881418044723,77.74816513747918,77.74816513747918,113730400
2020-02-13,78.57047271728516,78.89697445434517,78.20286026576835,78.4060150979807,94747600
2020-02-14,78.58981323242188,78.83892050632156,78.08192253766144,78.53901899642953,80113600
2020-02-18,77.15077209472656,77.33216105733172,76.08903849085787,76.27042745346303,152531200
2020-02-19,78.26813507080078,78.49789739964547,77.39263210107522,77.39263210107522,93984000
2020-02-20,77.4651870727539,78.51724467318775,76.95971731481961,78.0287063254119,100566000
2020-02-21,75.71175384521484,77.50146427081181,75.09503429364842,77.05887104659352,129554000
2020-02-24,72.11543273925781,73.56654484289926,69.950861613102,71.8929330165793,222195200
2020-02-25,69.67272186279297,73.16748626275555,69.20111488480276,72.7853633450679,230673600
2020-02-26,70.77799224853516,72.04288097148186,69.29060380017634,69.29785906555418,198054800
2020-02-27,66.1513442993164,69.16965936503753,66.01590779451507,67.98458625765787,320605600
2020-02-28,66.1126708984375,67.33402814341571,62.00360705177279,62.218858912688944,426510000
2020-03-02,72.26778411865234,72.90385595913628,67.16712712972084,68.2699714851257,341397200
2020-03-03,69.97262573242188,73.52301148955354,69.12130192834442,73.4432035732901,319475600
2020-03-04,73.21829223632812,73.37791548587623,70.89409742046385,71.69462716996614,219178400
2020-03-05,70.8432846069336,72.44675702043206,70.47808575850526,71.47209384482164,187572800
2020-03-06,69.9024887084961,70.3354058888164,68.01604591388242,68.20226931131931,226176800
2020-03-09,64.37373352050781,67.25660448536854,63.60705963029212,63.788448583610446,286744800
2020-03-10,69.01004028320312,69.27607892653965,65.1476640243261,67.02685855623419,285290000
2020-03-11,66.61328125,68.01360611620582,65.74986801151265,67.0873163892102,255598800
2020-03-12,60.03491973876953,65.30003870789042,59.97929481317342,61.8996002456348,418474000
2020-03-13,67.22760772705078,67.69922212839465,61.176469024415624,64.06418648557232,370732000
2020-03-16,58.578975677490234,62.65901412516802,58.044481123383505,58.51609179443726,322423600
2020-03-17,61.15469741821289,62.30349073818724,57.65751584296428,59.860787730415886,324056000
2020-03-18,59.657623291015625,60.46299077092856,57.34793630549254,57.98884622188523,300233600
2020-03-19,59.20052719116211,61.1498535536418,58.67570883898437,59.8317610046788,271857200
2020-03-20,55.44215774536133,60.905593927619734,55.142259915533515,59.780979833542105,401693200
2020-03-23,54.26433181762695,55.26318175410043,51.42015363881515,55.16160435739665,336752800
2020-03-24,59.70842742919922,59.904326973466,56.66592859765041,57.1641431646422,287531200
2020-03-25,59.379512786865234,62.45828816535252,59.08445300833761,60.64439789917577,303602000
2020-03-26,62.50422668457031,62.56226879829015,59.58265430542807,59.62135150815354,252087200
2020-03-27,59.91641616821289,61.882670430565696,59.74953769675213,61.12809336695391,204216800
2020-03-30,61.62630844116211,61.79802498746447,60.31788821611853,60.6419727055928,167976400
2020-03-31,61.500545501708984,63.483731229594824,60.94670602705082,61.8173747321562,197002000
2020-04-01,58.26456069946289,60.15342405049904,57.83406447537594,59.61651236600977,176218400
2020-04-02,59.23680877685547,59.290016512254034,57.29473750591379,58.12670897901646,165934000
2020-04-03,58.385498046875,59.423041606914005,57.795378517377415,58.721672212892855,129880000
2020-04-06,63.478904724121094,63.63368619049375,60.313062431640056,60.68067487242126,201820400
2020-04-07,62.74366760253906,65.71119660334946,62.63967300560569,65.49352388136515,202887200
2020-04-08,64.34955596923828,64.66396058058191,63.17899331030437,63.54418476916798,168895200
2020-04-09,64.81392669677734,65.31698307985819,64.0182387887634,64.98564696158498,161834800
2020-04-13,66.0860595703125,66.19489592354667,64.29151446730144,64.89131008954301,131022800
2020-04-14,69.4236068725586,69.71383219653002,67.24693908498263,67.71855339125206,194994800
2020-04-15,68.78996276855469,69.24948009360917,67.87092811844572,68.2990035025,131154400
2020-04-16,69.3365478515625,69.70174671960459,68.28691109689659,69.50342631571836,157125200
2020-04-17,68.39573669433594,69.39942831156146,66.95913534892303,68.85284047730217,215250000
2020-04-20,66.97607421875,68.12487124671051,66.95672930580358,67.22276798842614,130015200
2020-04-21,64.90583038330078,67.05347766583337,64.19478479973962,66.81888089328784,180991600
2020-04-22,66.77532958984375,67.2106601783122,65.83210839433792,66.17311317288764,116862400
2020-04-23,66.51655578613281,68.14180153410112,66.47785858014103,66.71971058203668,124814400
2020-04-24,68.43688201904297,68.44655816865868,66.99302483477508,67.0413982021141,126161200
2020-04-27,68.4852294921875,68.81656552903699,67.7064658092128,68.1538860746012,117087600
2020-04-28,67.3751449584961,69.12857242814091,67.28324737370122,68.94718337955696,112004800
2020-04-29,69.58807373046875,70.05726716798014,68.65936300137292,68.86251778141856,137280800
2020-04-30,71.05611419677734,71.23266881272234,69.73802523358442,70.1274034083595,183064000
2020-05-01,69.91217041015625,72.31375937660403,69.13340655240944,69.23014589148127,240616800
2020-05-04,70.90133666992188,71.02951794095532,69.24706979478302,69.93634950460861,133568000
2020-05-05,71.96546936035156,72.79744070168688,71.21572680056569,71.36083945419138,147751200
2020-05-06,72.70797729492188,73.33920755337681,72.28231535832381,72.66685920210755,142333600
2020-05-07,73.46012878417969,73.80598277550787,73.03205337405477,73.33436839325711,115215200
2020-05-08,75.20858764648438,75.26193940487305,73.79234971555809,74.11973516927421,133838400
2020-05-11,76.39203643798828,76.88674476777591,74.50775467946016,74.71631428574544,145946400
2020-05-12,75.51901245117188,77.52696763422976,75.39775910098548,77.07590132316346,162301200
2020-05-13,74.60717010498047,76.61997975963557,73.53043997663865,75.69845004040403,200622400
2020-05-14,75.06553649902344,75.1261631825109,73.12305519185568,73.84572792328466,158929200
2020-05-15,74.62173461914062,74.6678114842192,72.80293436830361,72.83688885866347,166348400
2020-05-18,76.37991333007812,76.7533757455592,75.2546860142826,75.9458316362108,135178400
2020-05-19,75.93855285644531,77.24323270759544,75.90702580080492,76.39688667871405,101729600
2020-05-20,77.41539764404297,77.4857192413937,76.7581993186441,76.79700126927659,111504800
2020-05-21,76.83826446533203,77.81799379794089,76.6006051884002,77.27720108647698,102688800
2020-05-22,77.33296966552734,77.41542106029263,76.4744938248148,76.57634250040586,81803200
2020-05-26,76.80914306640625,78.63036319231934,76.75336386600556,78.4509106181763,125522000
2020-05-27,77.143798828125,77.28930432080578,75.92641792081989,76.66606775831522,112945200
2020-05-28,77.17774963378906,78.43635987423401,76.54238332681012,76.81883708906608,133560800
2020-05-29,77.10257720947266,77.88102160812149,76.74609208099886,77.42026037966232,153532400
2020-06-01,78.05078125,78.1720345974753,76.92554663308496,77.05650232055906,80791200
2020-06-02,78.41212463378906,78.43637678676062,77.34266907399055,77.78403309563147,87642800
2020-06-03,78.84379577636719,79.10570721874383,78.15992494437354,78.73224474017213,104491200
2020-06-04,78.16474914550781,78.96501817057388,77.79128681347618,78.66673971249166,87560400
2020-06-05,80.3909683227539,80.45159499569716,78.38544064604918,78.41454026494723,137250400
2020-06-08,80.86627960205078,80.90023409134206,79.37729235859877,80.08783519139197,95654400
2020-06-09,83.41985321044922,83.8127127665815,80.5146285221196,80.54615556810563,147712400
2020-06-10,85.5660629272461,86.0340990809107,83.92914270631454,84.36807924016622,166651600
2020-06-11,81.45801544189453,85.13441864179411,81.35616675180083,84.7100318313935,201662400
2020-06-12,82.1612777709961,84.34383835712818,81.05060019570263,83.5969208795234,200146000
2020-06-15,83.1773681640625,83.82971175950732,80.6528726048748,80.81535534530535,138808800
2020-06-16,85.38175964355469,85.65337337676685,83.596913801037,85.23140666668927,165428800
2020-06-17,85.26293182373047,86.18688178098341,85.1416784708026,86.12625510451949,114406400
2020-06-18,85.29688262939453,85.71399444147255,84.6881884557675,85.21927871070163,96820400
2020-06-19,84.8094482421875,86.4681932764156,83.70119078400126,86.00258453034328,264476000
2020-06-22,87.02838134765625,87.17145941767127,85.15622926088085,85.20230612758097,135445200
2020-06-23,88.885986328125,90.30465209700697,87.85290534963454,88.27244463261384,212155600
2020-06-24,87.31697082519531,89.43405719903721,86.94350839643548,88.51495463894143,192623200
2020-06-25,88.47615814208984,88.51496010857981,86.71313680637758,87.47218408676609,137522400
2020-06-26,85.75762939453125,88.59253277701855,85.60969648694928,88.3718508333902,205256800
2020-06-29,87.73407745361328,87.82865862307958,85.1877569926391,85.66549550848868,130646000
2020-06-30,88.46644592285156,88.7526094686746,87.30241666099202,87.32181394171208,140223200
2020-07-01,88.29911804199219,89.08726487998509,88.25062113854636,88.54405219679813,110737200
2020-07-02,88.29911804199219,89.84146462563768,88.18514698857149,89.20609820497056,114041600
2020-07-06,90.66112518310547,91.12916130648333,89.69594591770318,89.72747297069945,118655600
2020-07-07,90.37981414794922,91.81787696805416,90.26826314860052,91.03943260618246,112424400
2020-07-08,92.48478698730469,92.51631404514396,91.26982594707978,91.3571322149976,117092000
2020-07-09,92.88249206542969,93.43055216626935,91.83486136183558,93.37720039708492,125642800
2020-07-10,93.04496765136719,93.10317429108636,91.86638865727205,92.47750286894541,90257200
2020-07-13,92.61573791503906,96.9590339515966,92.40233082748179,94.34965940036575,191649200
2020-07-14,94.14837646484375,94.33995142456507,91.0636910214966,91.99733587271359,170989200
2020-07-15,94.79586791992188,96.27273284060122,93.5978842251878,96.02295123465481,153198000
2020-07-16,93.62940216064453,94.48545043557607,93.03041037162107,93.66820411710265,110577600
2020-07-17,93.44026184082031,94.2356835706405,92.96737078589749,94.08048312128706,92186800
2020-07-20,95.40940856933594,95.54763916358735,93.18319885433614,93.527561622358,90318000
2020-07-21,94.09259033203125,96.2751504170526,93.84280875166303,96.19997393951473,103433200
2020-07-22,94.35692596435547,95.0383691628231,93.70700981931506,93.79430867429807,89001600
2020-07-23,90.0621337890625,94.16777018673336,89.25216234988122,94.09016627142198,197004400
2020-07-24,89.83903503417969,90.18339782375423,86.47304066581674,88.26032136137546,185438800
2020-07-27,91.96822357177734,92.06037728689391,90.67809376229332,90.90119574558146,121214000
2020-07-28,90.4574203491211,91.71603062810593,90.45256547899412,91.53899808495447,103625600
2020-07-29,92.19134521484375,92.37565266958501,90.9036352682461,90.94000979201954,90329200
2020-07-30,93.306884765625,93.41116087548794,90.95699413710133,91.3644036366013,158130000
2020-07-31,103.07506561279297,103.2254186056853,97.80296411556598,99.80122466182837,374336800
2020-08-03,105.67227935791016,108.29134838170961,104.6586032735747,104.95688173530395,308151200
2020-08-04,106.37799072265625,107.46927088099201,105.13877762781757,105.8614502635959,173071600
2020-08-05,106.76358795166016,107.08369861163986,105.63350570104194,106.09912187925951,121776800
2020-08-06,110.48847198486328,110.98318771588607,106.50651618913851,107.09580568303383,202428800
2020-08-07,107.9764404296875,110.46661589150919,107.179584578467,110.00988008396922,198045600
2020-08-10,109.54585266113281,110.56378836086954,106.89533339122227,109.4219488794754,212403600
2020-08-11,106.28797149658203,109.30776282738468,106.02801970691873,108.80973072656776,187902400
2020-08-12,109.82038116455078,110.07790114888351,107.18443792191327,107.37879010908718,165598000
2020-08-13,111.7639389038086,112.7672986221406,110.71198742895228,111.20030714999548,210082000
2020-08-14,111.66435241699219,111.75424051115333,109.85441664308871,111.58904036977272,165565200
2020-08-17,111.37279510498047,112.81102657552061,110.74600296555394,112.78673069729702,119561600
2020-08-18,112.30081939697266,112.72597122811317,110.78970802058514,111.12497179367689,105633600
2020-08-19,112.44174194335938,113.85567747183467,112.34699766084464,112.70898176363043,145538000
2020-08-20,114.9367904663086,115.05097442556867,112.46604709851567,112.48305495531345,126907200
2020-08-21,120.85974884033203,121.34320488803218,115.88425449002158,115.89639872088485,338054800
2020-08-24,122.30525970458984,125.15013843519527,120.43945211980873,125.06509916365437,345937600
2020-08-25,121.3019027709961,121.64688641801345,119.57943117585931,121.1780064067377,211495600
2020-08-26,122.95149993896484,123.40823574071352,121.5521404466388,122.61866792136692,163022400
2020-08-27,121.48170471191406,123.88684852967005,120.33743327624663,123.5540164773564,155552400
2020-08-28,121.28491973876953,122.87376795038361,121.06140802616056,122.45590402911932,187630000
2020-08-31,125.39794158935547,127.30262866474355,122.44374970807395,123.97915723775616,225702700
2020-09-01,130.39283752441406,130.99534845473963,126.84586266163116,129.0129180085765,151948100
2020-09-02,127.69136810302734,134.08565634469733,123.41555937863978,133.70666427516355,200119000
2020-09-03,117.46825408935547,125.20358843955071,117.09898196053354,123.3280682941128,257599600
2020-09-04,117.54600524902344,120.20866898674423,107.76022279247066,116.6811253406317,332607200
2020-09-08,109.63574981689453,115.6316049618243,109.4997017926122,110.73385384547656,231366600
2020-09-09,114.00871276855469,115.77734405892133,112.00685741079339,113.95040860522089,176940500
2020-09-10,110.28683471679688,117.09898522798876,109.32477873982353,116.96293720757075,182274400
2020-09-11,108.83888244628906,111.97772133616776,106.89533097403391,111.33634579157453,180860300
2020-09-14,112.10404968261719,112.65796155648654,109.6163061668615,111.48211380367826,140150100
2020-09-15,112.27896118164062,115.4761040079777,110.40343385233226,114.9902161756601,184642000
2020-09-16,108.96520233154297,112.72597681325361,108.87774608069525,111.97771281555889,154679000
2020-09-17,107.22574615478516,109.03324986978043,105.64175415253082,106.62324985916108,178011000
2020-09-18,103.82451629638672,107.75049116786684,103.09568449283607,107.2840429654683,287104900
2020-09-21,106.97306823730469,107.0799641548333,100.1900707538578,101.58943010037062,195713800
2020-09-22,108.65424346923828,109.67461096517128,106.07904368113599,109.49969103484163,183055400
2020-09-23,104.09664154052734,108.94580141351277,103.75651402969393,108.46963327803287,150718700
2020-09-24,105.16557312011719,107.13827671141094,102.03645401086756,102.20165410941537,167743300
2020-09-25,109.11099243164062,109.26648012807148,104.6311051215717,105.36965685149532,149981400
2020-09-28,111.71533966064453,112.06517952480382,109.59686822281799,111.76393141391246,137672400
2020-09-29,110.8698959350586,112.0554635809669,110.36457578821059,111.31691932127065,99382200
2020-09-30,112.54133605957031,113.95041520558416,110.41315241996158,110.57835250168256,142675200
2020-10-01,113.49368286132812,114.39743454271479,112.56077909571286,114.31969070873184,116120400
2020-10-02,109.83009338378906,112.11377235625194,109.05267722245038,109.70376520376246,144712000
2020-10-05,113.21186828613281,113.35763612296132,110.34513295609943,110.6949727988638,106243800
2020-10-06,109.96613311767578,112.84258807364455,109.08181374151268,112.43443667707562,161498200
2020-10-07,111.83196258544922,112.28869840481383,110.90877111263151,111.3849466001731,96849000
2020-10-08,111.72505950927734,113.11469913263745,111.35577997813651,112.96893128687452,83477200
2020-10-09,113.66859436035156,113.69774644242061,111.67645139295884,112.02629120590643,100506900
2020-10-12,120.888916015625,121.64689998480601,115.91342104424781,116.67140501342882,240226800
2020-10-13,117.68203735351562,121.85095605169045,116.27296553538521,121.73434029707663,262330500
2020-10-14,117.7695083618164,119.5575722262898,116.2438206939987,117.58486859235376,150712000
2020-10-15,117.30303955078125,117.7792075503629,114.81529622261273,115.36920805471462,112559200
2020-10-16,115.66075134277344,118.1193503209673,115.45667931642107,117.85696670561362,115393800
2020-10-19,112.70655822753906,117.02123764921416,112.39559027449886,116.57422168009768,120639300
2020-10-20,114.19337463378906,115.62188622477068,112.36643141199016,112.92034331318091,124423700
2020-10-21,113.57144927978516,115.35951333260171,113.16329777724089,113.37708965617799,89946000
2020-10-22,112.48304748535156,114.70841493004065,111.35578401227829,114.13506335968486,101988000
2020-10-23,111.7930908203125,113.26047437917072,111.05453912383231,113.10498668978074,82572600
2020-10-26,111.80278778076172,113.26045120729546,109.69402905569095,110.79214024867784,111850700
2020-10-27,113.3090591430664,113.9698669973098,111.30720332612077,112.2303873896094,92276800
2020-10-28,108.06143951416016,112.17205340305019,107.96426344078513,111.80278135860144,143937800
2020-10-29,112.0651626586914,113.62972197847206,109.03322009698005,109.19842758479042,146129200
2020-10-30,105.78752899169922,108.82918500247833,104.67970501772538,107.92543308538788,190272600
2020-11-02,105.70004272460938,107.55613792475565,104.29097088393719,106.03045032760409,122866900
2020-11-03,107.32291412353516,108.34327419283329,105.6611785129121,106.56493023946784,107624400
2020-11-04,111.70561218261719,112.32754802876923,109.17899688086699,110.91847624915665,138235500
2020-11-05,115.67047119140625,116.24382276328363,113.57143933861293,114.62095155797914,126387100
2020-11-06,115.53907012939453,116.03552551635951,113.04702688343866,115.1788900602559,114457900
2020-11-09,113.23196411132812,118.7514365224502,112.9691352746871,117.30099476626944,154515300
2020-11-10,112.89128112792969,114.46826933414899,111.1001247688642,112.48243288386192,138023400
2020-11-11,116.31781768798828,116.45410042104282,113.34879251575485,114.07888176862647,112295000
2020-11-12,116.04524993896484,117.33020670166636,115.42224104958544,116.44436895423854,103162300
2020-11-13,116.09391784667969,116.49302940870272,114.74081980829087,116.269139549406,81581900
2020-11-16,117.10633850097656,117.77801567445592,115.01341414453356,115.76296930031152,91183000
2020-11-17,116.22047424316406,117.46649204968942,115.80188944001708,116.3762301824057,74271000
2020-11-18,114.89656066894531,116.63904097831926,114.86735829157409,115.46116472095827,76322100
2020-11-19,115.4903793334961,115.89922751370858,113.70895985661822,114.4682514561133,74113000
2020-11-20,114.22488403320312,115.6169210548832,114.17621587656545,115.49037493540368,73604300
2020-11-23,110.82754516601562,114.49746457209459,110.73020141936897,114.06914317462709,127959300
2020-11-24,112.11248779296875,112.77443558427984,109.60097934121339,110.88594337156803,113874200
2020-11-25,112.94966125488281,113.65054804999696,112.11249174147993,112.48240834270746,76499200
2020-11-27,113.49479675292969,114.37090528252364,113.13462416571154,113.47533097531714,46691300
2020-11-30,115.88948822021484,117.7585146753094,113.70894992908693,113.86470584710362,169410200
2020-12-01,119.46207427978516,120.19216354656007,116.82401928706074,117.79747164276061,127728200
2020-12-02,119.81250762939453,120.0948096799896,117.68064477339988,118.78064316901394,89004200
2020-12-03,119.67623138427734,120.49392777356492,118.96560791819012,120.24082808918226,78967600
2020-12-04,119.00454711914062,119.59835363347426,118.29392365175957,119.34525394863078,78260400
2020-12-07,120.46471405029297,121.2629445857138,119.00453569816821,119.06294045566084,86712000
2020-12-08,121.0779800415039,121.66205729371858,119.82222583220359,121.0682508669909,82225500
2020-12-09,118.54700469970703,122.60629848757797,117.78771319139744,121.2239981813297,115089200
2020-12-10,119.96824645996094,120.58152609613698,116.96028274160534,117.30098952456378,81312200
2020-12-11,119.1603012084961,119.50100803270227,117.34967931202699,119.17976698694284,86939800
2020-12-14,118.54700469970703,120.07532431759577,118.31337825719271,119.34523518624412,79184500
2020-12-15,124.48509216308594,124.50456537042437,120.83464560664378,121.03906972258223,157243700
2020-12-16,124.41695404052734,124.9620850306005,123.20013848993348,124.02757900581949,98208600
2020-12-17,125.28331756591797,126.13996040824293,124.64083543417424,125.47800506998152,94359800
2020-12-18,123.2974624633789,125.67268827051221,122.77179737031575,125.53640555307189,192541500
2020-12-21,124.8257827758789,124.90366074139115,120.17268202586978,121.70100182150271,121251600
2020-12-22,128.37889099121094,130.84172406271304,126.20808171972651,128.11605471749206,168904800
2020-12-23,127.48332214355469,128.91428338608608,127.30809300233021,128.65146195480474,88223700
2020-12-24,128.4665069580078,129.91695629713385,127.61960817236115,127.83376887622417,54930100
2020-12-28,133.0612030029297,133.6939410837403,129.96561683148184,130.43288465030292,124486200
2020-12-29,131.28955078125,135.10548328882498,130.77362207829398,134.3851378526945,121047300
2020-12-30,130.1700439453125,132.37978484573765,129.85853207666074,131.98066583416636,96452100
2020-12-31,129.1674041748047,131.1629846094566,128.22315413773092,130.52050244643019,99116600
2021-01-04,125.97447204589844,130.06296894085764,123.39482183574111,129.97536179433877,143301900
2021-01-05,127.53199005126953,128.24262097829288,125.02048114625119,125.46827577350281,97664900
2021-01-06,123.23905944824219,127.57092663069263,123.02489875437408,124.32932869572905,155088000
2021-01-07,127.44436645507812,128.13552408640413,124.46560495444153,124.95233107817177,109578200
2021-01-08,128.5443878173828,129.10899197173987,126.77269738263777,128.91428961570313,105158200
2021-01-11,125.55585479736328,126.71426523844697,125.08860192198284,125.76028628554909,100384500
2021-01-12,125.38064575195312,126.24701761180567,123.49214611607862,125.08860712256089,91951100
2021-01-13,127.4151611328125,127.96029200220607,125.07888173435367,125.34170314043133,88636800
2021-01-14,125.48773956298828,127.52225130518217,125.34171280576037,127.32756381591491,90221800
2021-01-15,123.76470947265625,126.76294396711677,123.62842676171266,125.36117045243897,111598500
2021-01-19,124.43640899658203,125.2930517717372,123.5700370457831,124.3877334109567,90757300
2021-01-20,128.52490234375,128.97269692470792,125.13729259464834,125.24437293876636,104319500
2021-01-21,133.23638916015625,135.96205811290383,130.04346734095793,130.24789882523683,120150900
2021-01-22,135.37803649902344,136.1373282057296,131.43555118884584,132.66209590266996,114459400
2021-01-25,139.12579345703125,141.23818305206848,132.91516336360118,139.27182020640586,157611700
2021-01-26,139.35943603515625,140.4691710725819,137.61694808504978,139.78775742744395,98390600
2021-01-27,138.28860473632812,140.46914281583642,136.68241469205358,139.6222293773767,140843800
2021-01-28,133.4505615234375,138.22048632254183,133.07091575107856,135.81605814636788,142621100
2021-01-29,128.45677185058594,133.10987264929705,126.753230328146,132.22402749273948,177523800
2021-02-01,130.5789031982422,131.78598951100426,127.45411448597895,130.19925735971532,106239800
2021-02-02,131.40634155273438,132.6912909648265,131.03642489675576,132.12668680443446,83305400
2021-02-03,130.38418579101562,132.16560504134387,130.06294479305137,132.15586101329262,89880900
2021-02-04,133.74261474609375,133.75234392204015,131.01694525702797,132.68155527349182,84183100
2021-02-05,133.32826232910156,133.97170445351236,132.45085206919504,133.90346870595903,75693800
2021-02-08,133.47451782226562,133.52326614630692,131.53444758226135,132.61659492201852,71297200
2021-02-09,132.5970916748047,134.4201778248724,132.44111786524098,133.19178552172198,76774200
2021-02-10,131.99264526367188,133.5525022619222,131.0274820724659,133.05529021983176,73046600
2021-02-11,131.73915100097656,132.96752812373632,130.41327725499468,132.48981847138168,64280000
2021-02-12,131.97314453125,132.1291332081116,130.33530805190028,130.9787501870301,60145100
2021-02-16,129.8478546142578,132.5970843838598,129.4578829220419,132.0901434978276,80576300
2021-02-17,127.55683135986328,128.90220781232136,126.2212134982147,127.95654680963715,97918500
2021-02-18,126.4552001953125,126.73791669485071,124.21291100168493,125.95798807847142,96856700
2021-02-19,126.61116790771484,127.43010109713762,125.56802514842084,126.97189361497381,87668800
2021-02-22,122.83826446533203,126.46491917771368,122.44830023340782,124.797821900289,103916400
2021-02-23,122.70179748535156,123.53046696039274,115.41924089427319,120.65449424173501,158273000
2021-02-24,122.20458221435547,122.40931177714582,119.16287735238498,121.80487424070276,111039900
2021-02-25,117.95399475097656,123.28673718148006,117.51528958023444,121.55140392768223,148199500
2021-02-26,118.21721649169922,121.71712880247114,118.15871701805524,119.51383705660506,164560400
2021-03-01,124.5833511352539,124.71983750347,119.7088167333954,120.64472644599832,116307900
2021-03-02,121.98035430908203,125.49001767022227,121.87311395477933,125.18779891061432,102260900
2021-03-03,118.99713134765625,122.55554294590044,118.78265064406548,121.6781252666424,112966300
2021-03-04,117.11554718017578,120.4984748499503,115.64344331810632,118.69489881954281,178155000
2021-03-05,118.3731918334961,118.88014757741405,114.61980182519049,117.94423786319923,153766600
2021-03-08,113.440185546875,117.96375368831654,113.29394800099358,117.8955104919653,154376600
2021-03-09,118.05148315429688,118.99714411910483,115.80920155325997,116.04317714685729,129525800
2021-03-10,116.9693374633789,119.10437859558475,116.45263053937967,118.63642743151894,111943300
2021-03-11,118.89966583251953,120.11829967481488,118.2172338560144,119.46511372045273,103026500
2021-03-12,117.99298858642578,118.12947496626138,116.16991732521446,117.37879987716553,88105100
2021-03-15,120.87872314453125,120.88847429766527,117.39830527073745,118.36346860634158,92403800
2021-03-16,122.41907501220703,124.02767309341856,121.59040552732543,122.54581024798175,115227900
2021-03-17,121.62940216064453,122.70179839737172,119.27012151430435,120.93721906750288,111932600
2021-03-18,117.5055160522461,120.08902057387003,117.30078651568779,119.7965455571018,121229700
2021-03-19,116.97907257080078,118.38294083560933,116.67685382299581,116.8913345232248,185549500
2021-03-22,120.29376220703125,120.76172079332808,117.24230627726561,117.31054946298083,111912300
2021-03-23,119.46510314941406,121.1224420531035,119.07513886679595,120.23528056214857,95467100
2021-03-24,117.0765609741211,119.816054302137,117.05706610966415,119.73805996841114,88530500
2021-03-25,117.56402587890625,118.60718345893137,116.0139273940255,116.5403780411406,98844700
2021-03-26,118.1684799194336,118.4317089821302,115.93594193373995,117.33005928068575,94071200
2021-03-29,118.34395599365234,119.50409766319855,117.70052126390267,118.59743388740822,80819200
2021-03-30,116.8913345336914,117.37878796591035,115.87743050212212,117.09606408266947,85671900
2021-03-31,119.08489227294922,120.42051011090868,118.10998526692909,118.59743876993915,118323800
2021-04-01,119.91355895996094,121.06394949790783,119.41635431579364,120.5570011392304,75089100
2021-04-05,122.74079132080078,122.99426922039768,119.98180275866349,120.76173132452315,88651200
2021-04-06,123.04301452636719,123.9399272027551,122.49706897342678,123.32573845569713,80171300
2021-04-07,124.69061279296875,124.71010766120962,121.99986726075039,122.67255550329261,83466700
2021-04-08,127.08888244628906,127.11812846744388,125.29505706125592,125.71425994840894,88844600
2021-04-09,129.66261291503906,129.70160264420477,126.22119287511026,126.54291392534559,106686700
2021-04-12,127.94679260253906,129.5163933763926,127.35209877205047,129.19467229997423,91420000
2021-04-13,131.05673217773438,131.28097148351077,128.61946483937675,129.11667689697725,91266500
2021-04-14,128.71697998046875,131.6124551846021,128.35626912284386,131.55396314021985,87222800
2021-04-15,131.125,131.6124535315985,130.2865793306145,130.4620703374586,89347100
2021-04-16,130.79351806640625,131.29071524829968,129.9355952026849,130.93000444237106,84922400
2021-04-19,131.45648193359375,132.07067822360244,129.9941211485469,130.15985358574383,94264200
2021-04-20,129.76986694335938,132.12914001786334,128.5024849113631,131.63194282012853,94812300
2021-04-21,130.1501007080078,130.3938274883599,128.00530801609,129.03870718463844,68847100
2021-04-22,128.62924194335938,130.7837782500738,128.11254238332913,129.70163080104982,84566500
2021-04-23,130.9495086669922,131.72942232628785,128.84370608473515,128.84370608473515,78657500
2021-04-26,131.33944702148438,131.67091176764876,130.2085515483263,131.44668736593727,66905100
2021-04-27,131.0177459716797,132.01215523774303,130.7447732125093,131.62218352757128,66015800
2021-04-28,130.2280731201172,131.6319415185454,129.74061964154626,130.93975103357886,107760100
2021-04-29,130.13058471679688,133.63051222031285,129.12643167740748,133.04556205861587,151101000
2021-04-30,128.16128540039062,130.2085812488916,127.78107225167611,128.4732479162047,109839500
2021-05-03,129.2141571044922,130.70577838338053,128.5219815192614,128.7267036427075,75135100
2021-05-04,124.64186096191406,128.19052935599137,123.52071640184118,127.89805427494618,137564700
2021-05-05,124.8855972290039,127.17661983745883,124.75885455406909,125.95798604278042,84000900
2021-05-06,126.48444366455078,126.49418737954478,123.93992827849607,124.68085970531065,78128300
2021-05-07,127.15824890136719,128.1836279216994,126.44534732764843,127.78324849809151,78973300
2021-05-10,123.87700653076172,126.50395575349485,123.83794311938117,126.37701270502987,88071200
2021-05-11,122.95903778076172,123.3105935686965,119.89262343355486,120.60551762571262,126142800
2021-05-12,119.89263153076172,121.71880695136791,119.38482206893003,120.50787096501224,112172300
2021-05-13,122.04107666015625,123.19342127323375,121.34771783923617,121.66021769444781,105861300
2021-05-14,124.46294403076172,124.89263410961189,122.90044481301196,123.29107148009538,81918000
2021-05-17,123.31058502197266,123.95512006477786,122.23636740121376,123.84769755764366,74244600
2021-05-18,121.92387390136719,124.01371786549493,121.8555147978895,123.59379552967953,63342900
2021-05-19,121.76763916015625,121.9922444710152,119.98052713623112,120.27349900757707,92612000
2021-05-20,124.32621002197266,124.7266043537825,122.16800708745404,122.29496502221474,76857100
2021-05-21,122.49028778076172,125.00005419589023,122.27544274551913,124.8242725716539,79295400
2021-05-24,124.12114715576172,124.94146389287052,122.98833802904868,123.05669713625909,63092900
2021-05-25,123.92584228515625,125.31256736390405,123.35943397486378,124.82427842870585,72009500
2021-05-26,123.87700653076172,124.40435140852335,123.45708417165065,123.98442904941227,56575900
2021-05-27,122.34379577636719,124.64848475719648,122.14848618161899,123.47661228754039,94625600
2021-05-28,121.68950653076172,122.85161879427051,121.63091513952054,122.62700604353964,71311100
2021-06-01,121.36723327636719,122.4121552577231,121.03520547415292,122.1484865589402,67637100
2021-06-02,122.12895965576172,122.30474128408406,121.14263644461568,121.3672417498929,59278900
2021-06-03,120.64456939697266,121.92386428281043,120.2441750720593,121.75785039468764,76229200
2021-06-04,122.93951416015625,123.20319033966574,120.94732476737572,121.16216981717328,75169300
2021-06-07,122.94926452636719,123.3594191359653,121.90434257301015,123.21293321808503,71057600
2021-06-08,123.76956939697266,125.44926608565649,123.25199229581943,123.63285119857683,74403800
2021-06-09,124.15043640136719,124.75590806990476,123.55473244780471,124.22856322000109,56877900
2021-06-10,123.15434265136719,125.1855951846905,122.98832875360279,124.04301097808155,71186400
2021-06-11,124.36528778076172,124.45318231886102,123.14458411693292,123.56450647531338,53522400
2021-06-14,127.42192077636719,127.4805121651489,124.09184522029778,124.82426738240325,96906500
2021-06-15,126.60162353515625,127.53913054805693,126.35748279130559,126.89459540801074,62746300
2021-06-16,127.09967041015625,127.82233240549729,125.44929143219892,127.31451546549631,91815000
2021-06-17,128.70123291015625,129.4434303366887,126.61138865865254,126.75788205128507,96721700
2021-06-18,127.40238952636719,128.42776854609338,127.1875445181359,127.64653022652405,108953300
2021-06-21,129.1992645263672,129.3066870329964,126.18168897810015,127.24613887941126,79663300
2021-06-22,130.83990478515625,130.93756704429327,128.53521554050778,129.03327220047046,74783600
2021-06-23,130.56643676757812,131.17191580570798,130.10745108272897,130.63480331267544,60214200
2021-06-24,130.28326416015625,131.4844323925828,129.81450322458238,131.2988830515641,68711000
2021-06-25,129.99026489257812,130.7519826258196,129.6972930949088,130.33206780671978,70783700
2021-06-28,131.6211395263672,132.08012525724726,130.22466180559726,130.28325319231956,62111300
2021-06-29,133.13487243652344,133.2911261360628,131.2012813335361,131.64073182496418,64556100
2021-06-30,133.7500457763672,134.18949604999602,132.68558101434905,132.97855283049014,63261400
2021-07-01,134.0528106689453,134.1114020662822,132.57819096384344,133.3985152300678,52485800
2021-07-02,136.6797332763672,136.71878923106325,134.521522975564,134.66800143213112,78852600
2021-07-06,138.6914825439453,139.79498860999516,136.78718765891608,136.78718765891608,108181800
2021-07-07,141.1817169189453,141.49420932337944,139.31647805419703,140.17584334226723,104911600
2021-07-08,139.8828582763672,140.6836320091057,137.37308477373998,138.26176048175577,105575500
2021-07-09,141.70904541015625,142.2363828285555,139.30669407903906,139.4043563311566,99890800
2021-07-12,141.1133270263672,142.89067850548736,140.62504561797144,142.78325599959365,76299700
2021-07-13,142.22662353515625,144.00397520789517,140.2637374239949,140.65435663279786,100827100
2021-07-14,145.654296875,146.0644662548068,144.21874874916162,144.62891812896842,127050800
2021-07-15,145.0000457763672,146.48442546002198,143.64262402981763,145.74224306877775,106820300
2021-07-16,142.95904541015625,146.25005768557594,142.46100368486307,144.98053780920102,93251400
2021-07-19,139.11135864257812,140.69340040632105,138.3496409012505,140.3808931785124,121434600
2021-07-20,142.7246551513672,143.65240178359875,139.60943216409294,140.09771359109203,96350000
2021-07-21,141.99220275878906,142.7051042191608,141.24026025025515,142.1191606711332,74993500
2021-07-22,143.3594207763672,144.72660272403846,142.39261824833602,142.51957617960753,77338200
2021-07-23,145.0782012939453,145.23445495496276,143.47663852143975,144.09187799846512,71447400
2021-07-26,145.49810791015625,146.31841714774572,144.2383334584889,144.7949814490319,72434100
2021-07-27,143.3301544189453,145.71297050212902,142.13874637735347,145.62506850801552,104818600
2021-07-28,141.5820770263672,143.52544245138444,139.19926130154866,141.41606313093854,118931200
2021-07-29,142.22662353515625,143.1152993715257,141.1914692207776,141.29889173837356,56699500
2021-07-30,142.44146728515625,142.90045304700064,140.73248218501953,140.99615834422465,70440600
2021-08-02,142.1094512939453,143.50592922511103,141.84577511280253,142.9297606339798,62880000
2021-08-03,143.90631103515625,144.57036666149511,141.77739614243097,142.3926355441965,64786600
2021-08-04,143.5059051513672,144.32621435379124,142.85160984220758,143.81841241009994,56368300
2021-08-05,143.61334228515625,144.37506017943633,142.74420187239215,143.53521546251628,46397700
2021-08-06,142.92872619628906,143.87741265764788,142.42993828378326,143.1341182329051,54126800
2021-08-09,142.8798065185547,143.47640294108896,142.3223394909196,142.9873899692901,48908700
2021-08-10,142.40060424804688,144.46423988872255,142.10719343722454,143.22214257955443,69023100
2021-08-11,142.65489196777344,143.49599503680233,142.33214155394316,142.84071932029642,48493500
2021-08-12,145.6182861328125,145.77477386971125,142.6353039384577,142.97761899748718,72282600
2021-08-13,145.8236846923828,146.15620995558572,145.01192130974562,145.69653653501413,59375000
2021-08-16,147.7992706298828,147.8677396068058,143.25145612128088,145.27596199320675,103296000
2021-08-17,146.88973999023438,148.34698930481986,145.8139053280962,146.92885446726953,92229700
2021-08-18,143.14389038085938,147.4080844695857,142.938498348175,146.50830231259667,86326000
2021-08-19,143.47642517089844,144.74786207926644,141.32477074631083,141.8431233828503,86960300
2021-08-20,144.9336700439453,145.23685570513334,143.55464985258175,144.20015057068707,60549600
2021-08-23,146.4202880859375,146.88973641640624,144.6402734925246,145.05104264712142,60131800
2021-08-24,146.33224487304688,147.54500248159704,145.8725714606484,146.1659822444016,48606400
2021-08-25,145.09994506835938,147.0168826886461,144.5522528692755,146.51807985316438,58991300
2021-08-26,144.29794311523438,145.8432259179612,144.2686035304066,145.09015667605945,48597200
2021-08-27,145.33465576171875,145.48135367838458,143.60354572760687,144.2392565978135,55802400
2021-08-30,149.75534057617188,150.11722035437248,145.344448563989,145.7258781178275,90956700
2021-08-31,148.4937286376953,149.44241530244025,147.9655861008804,149.30549222317276,86453100
2021-09-01,149.15875244140625,151.57447805860386,148.99248979823196,149.47172795102404,80313700
2021-09-02,150.2737274169922,151.32022266828497,149.05119460389105,150.4888943859777,71115500
2021-09-03,150.909423828125,151.23217421828528,149.72600573087058,150.38128139931968,57808700
2021-09-07,153.2469024658203,153.8043695479327,150.99743959102315,151.56469648456283,82278300
2021-09-08,151.70159912109375,153.58918195944025,150.59642507001544,153.53050279274424,74420200
2021-09-09,150.6844482421875,152.6796143882617,150.5670749934843,152.07324314334025,57305700
2021-09-10,145.696533203125,152.0634770377577,145.4324620067416,151.59402874023678,140893200
2021-09-13,146.26380920410156,148.09271327265083,145.48138532354497,147.32007920432878,102404300
2021-09-14,144.86520385742188,147.7503924466826,143.6818007748944,147.04621254489265,109296300
2021-09-15,145.7552032470703,146.15619746026422,143.15365068997156,145.29552986579753,83281300
2021-09-16,145.5204620361328,145.6965144522282,143.98496918672433,145.17816193712628,68034100
2021-09-17,142.8504638671875,145.54982496459772,142.5570531057093,145.54982496459772,129868800
2021-09-20,139.79905700683594,141.65730067907975,138.16575516526504,140.6401600731503,123478900
2021-09-21,140.2782745361328,141.42257819093177,139.64256354879453,140.76728757977574,75834000
2021-09-22,142.64512634277344,143.2123684025319,140.5423610718935,141.27588071728283,76404300
2021-09-23,143.60357666015625,143.84808318959392,142.43972319227385,143.42752419874412,64838200
2021-09-24,143.69155883789062,144.22947605037112,142.36144305952544,142.45925161579112,53477900
2021-09-27,142.17562866210938,142.7526753188713,140.65970036682202,142.27343722725323,74150700
2021-09-28,138.79168701171875,141.56927754565646,138.5765200764918,140.10223840010562,108972300
2021-09-29,139.69142150878906,141.27581846920424,138.9089979137547,139.33933163719803,74602000
2021-09-30,138.39071655273438,141.20743697257745,138.17554958046878,140.5032568676167,89056700
2021-10-01,139.51541137695312,139.77948259151805,136.0532056936857,138.7818918325454,94639600
2021-10-04,136.08255004882812,139.08509731906585,135.23167212302508,138.6449736382081,98322000
2021-10-05,138.00927734375,139.11445172258436,136.2977314979069,136.42487967911666,80861100
2021-10-06,138.8797149658203,139.02641292068202,135.32947522321794,136.40530997052016,83221100
2021-10-07,140.141357421875,141.05092948182715,139.58389028870607,139.91641559084152,61732700
2021-10-08,139.75990295410156,141.01177498221017,139.42737771114903,140.86507705840515,58773200
2021-10-11,139.671875,141.6279267805162,138.6938491097419,139.14374758559657,64452200
2021-10-12,138.40048217773438,140.1022531380476,137.94080866989395,140.08268843547052,73035900
2021-10-13,137.81365966796875,138.292882900144,136.14122849083293,138.13641006788947,78762700
2021-10-14,140.6010284423828,140.7184017237602,138.40046969110713,138.98729132751163,69907100
2021-10-15,141.6573028564453,141.71598203721894,140.3565262964831,140.61082264449493,67940300
2021-10-18,143.32969665527344,143.61331759603044,140.01418949688554,140.29781043764254,85589200
2021-10-19,145.4911346435547,145.89212886384934,143.32970565575582,143.7795892346543,76378900
2021-10-20,145.98016357421875,146.45940171355207,144.86521446863128,145.43247137126255,58418800
2021-10-21,146.19532775878906,146.35181550626882,144.62070524306984,145.54005210514717,61421000
2021-10-22,145.42269897460938,146.879948270264,145.37379468633046,146.40072504621372,58883400
2021-10-25,145.373779296875,146.08773407498782,144.3761886308666,145.4128937692613,50720600
2021-10-26,146.03884887695312,147.52543764586656,145.7356482824783,146.04862376445527,60893400
2021-10-27,145.57919311523438,146.43984594803317,145.22710311706854,146.07798106118008,56094900
2021-10-28,149.21742248535156,149.8042290860398,146.4300426307357,146.52785119259605,100077900
2021-10-29,146.50828552246094,146.64520855406127,143.19277825689716,143.98497686283406,124953200
2021-11-01,145.68673706054688,146.41046663790817,144.55222349385764,145.71607664214312,74588300
2021-11-02,146.7235107421875,148.23945450260746,145.3836045537339,145.3933943678412,69122000
2021-11-03,148.16119384765625,148.6306422432943,146.52789189067994,147.0853590623447,54511500
2021-11-04,147.642822265625,149.0805068605867,147.32984675958332,148.24919365421385,60394600
2021-11-05,148.17169189453125,149.07278712412187,146.976757690118,148.76915899673787,65463900
2021-11-08,147.3489990234375,148.45578635175377,147.07475321655346,148.29907019202702,55020900
2021-11-09,147.71139526367188,148.3186517141658,146.97680506248372,147.11392796889447,56787900
2021-11-10,144.88075256347656,147.04535126438861,144.81219859350324,146.93761078705322,65187100
2021-11-11,144.831787109375,146.35973220816493,144.64568854947308,145.89940280376894,41000000
2021-11-12,146.90823364257812,147.3097982131486,144.449795829464,145.38027365145768,63804000
2021-11-15,146.91799926757812,148.75937630755206,146.3597036966309,147.28039221661786,59222800
2021-11-16,147.89747619628906,148.37741378411212,146.27157982474884,146.85925789370467,59256200
2021-11-17,150.33627319335938,151.8152421071384,147.88764025614748,147.89742940759933,88807000
2021-11-18,154.62631225585938,155.40987800940817,149.90535437132496,150.55179723889825,137827700
2021-11-19,157.25128173828125,157.7116261354738,153.313873999746,154.4108572720638,117305600
2021-11-22,157.7115936279297,162.29542845267346,157.69200037488366,158.3580215257173,117467900
2021-11-23,158.09356689453125,158.47555309859132,155.79184557181551,157.80951705712113,96041900
2021-11-24,158.61268615722656,158.8085738483819,156.35994034575776,157.4471342187338,69463600
2021-11-26,153.58810424804688,157.15331446693773,153.14735315261942,156.29140553118123,76959800
2021-11-29,156.94761657714844,157.8780943084946,155.52739720558188,156.09548196515397,88748200
2021-11-30,161.90367126464844,162.11915223655976,156.63420649835714,156.70277541909022,174048100
2021-12-01,161.384521484375,166.80089693903759,161.14944731636166,164.03883150964717,152052500
2021-12-02,160.39527893066406,160.82624080588923,154.55774519881157,155.47843376037946,136739200
2021-12-03,158.51475524902344,161.57066041655554,156.43831855392804,160.64997170977935,118023100
2021-12-06,161.92324829101562,164.43064668165096,160.9046083540242,160.91439750803002,107497000
2021-12-07,167.66285705566406,168.05464745577578,164.881212468611,165.606013499861,120405400
2021-12-08,171.4827423095703,172.34466628131048,167.19273065330603,168.5933571073838,116998900
2021-12-09,170.97335815429688,173.1183631784156,170.34650866761442,171.3161727723624,108923700
2021-12-10,175.76290893554688,175.93921831838114,171.1007161505561,171.61003610118843,115402700
2021-12-13,172.12918090820312,178.38788880944355,171.92348907644438,177.39863110924915,153237000
2021-12-14,170.7481231689453,174.08806304841983,168.67168661995763,171.64921855709608,139380400
2021-12-15,175.61605834960938,175.81194610830678,168.76967133534237,171.5121447929398,131063300
2021-12-16,168.72064208984375,177.41819331105674,167.24167279418768,175.5964093375668,150185800
2021-12-17,167.62364196777344,169.90577001560484,166.20343763112896,166.43849686489142,195432700
2021-12-20,166.26223754882812,167.0751857762259,164.0192955298341,164.822439656907,107499100
2021-12-21,169.43569946289062,169.6413763687382,165.64520351422067,168.03507291258404,91185900
2021-12-22,172.03121948242188,172.24670045723798,168.61292124127107,169.48463429565436,92135300
2021-12-23,172.65805053710938,173.21634616947264,171.66880794684926,172.23689273327608,68356600
2021-12-27,176.62484741210938,176.71299463822913,173.43183445537653,173.4514127643316,74919600
2021-12-28,175.60618591308594,177.60427913199814,174.86180674158715,176.4583204970068,79144300
2021-12-29,175.69436645507812,176.9186832802021,174.4798387842566,175.6453907930184,62348900
2021-12-30,174.53858947753906,176.85990415292721,174.4308490078352,175.78249945588863,59773000
2021-12-31,173.9215545654297,175.5474359178977,173.61791144491113,174.43085959378186,64062300
2022-01-03,178.2703399658203,179.12247473962424,174.058701545752,174.17623119236956,104487900
2022-01-04,176.0078125,179.18124760864967,175.43972760704736,178.8776193777369,99310400
2022-01-05,171.32601928710938,176.46815060812955,171.0517734789437,175.91965899179817,94537600
2022-01-06,168.4660186767578,171.69821853577403,168.11341478404194,169.15163320557318,96904000
2022-01-07,168.6324920654297,170.5620164817169,167.5159157741246,169.3376997173353,86709100
2022-01-10,168.652099609375,168.95572780142643,164.7146923768041,165.60599864366586,106765600
2022-01-11,171.4827423095703,171.58067870481955,167.31027525099185,168.77945568721645,76138300
2022-01-12,171.92347717285156,173.53956952156884,171.22807353490404,172.50135116951776,74805200
2022-01-13,168.652099609375,172.9910714162829,168.26030924441002,172.16833406776786,84505800
2022-01-14,169.51400756835938,170.20941111487983,167.57467907053888,167.81954242119846,80440800
2022-01-18,166.31117248535156,168.99486494876345,165.92918629810023,167.986029250503,90956700
2022-01-19,162.81454467773438,167.56489994287205,162.53050974989438,166.50708841129685,94815000
2022-01-20,161.12989807128906,166.19367112950465,160.8066766064742,163.54914953452655,91420500
2022-01-21,159.07302856445312,162.9124840575923,158.96528809380473,161.0417244969125,122848900
2022-01-24,158.2992706298828,158.96530678454897,151.52145417153005,156.73215398969816,162294600
2022-01-25,156.49708557128906,159.41585293852967,153.79379917867107,155.7135197495045,115798400
2022-01-26,156.40890502929688,161.01233270214277,154.57733208034693,160.14061983418955,108275300
2022-01-27,155.94857788085938,160.47364799025604,155.02788925620197,159.11220830674253,121954600
2022-01-28,166.83029174804688,166.8498849998228,159.45500918063075,162.30522203050273,179935700
2022-01-31,171.18887329101562,171.4043542462614,166.02714940989443,166.66380312140188,115541600
2022-02-01,171.02236938476562,171.2476394960686,168.76962343591478,170.43469133018758,86213900
2022-02-02,172.22711181640625,172.26629832848187,169.76868874093756,171.1595110141142,84914300
2022-02-03,169.34747314453125,172.61885859356588,168.58350075012603,170.89501118442868,89418100
2022-02-04,169.06309509277344,170.74010088602927,167.3860892995176,168.3667905913057,82465400
2022-02-07,168.3472137451172,170.59301347126842,167.65090913443373,169.52405248698778,77251200
2022-02-08,171.4560089111328,171.9659777736799,168.12161553517308,168.41582891603926,74829200
2022-02-09,172.87802124023438,173.2408759269309,171.5246486789991,172.65246413479986,71285000
2022-02-10,168.7982940673828,172.09345086021537,168.23930213729957,170.77931477893978,90865900
2022-02-11,165.3854522705078,169.73976805864703,164.7970255558841,169.00424214752385,98670700
2022-02-14,165.62081909179688,166.30730692089233,163.3455851847236,164.13995074155633,86185500
2022-02-15,169.45538330078125,169.61229911156767,166.96440840288716,167.67051458711066,62527400
2022-02-16,169.22003173828125,169.99477926994211,166.76827820676257,168.5335437423192,61177400
2022-02-17,165.62081909179688,168.5923424525554,165.21872801892943,167.72932063065696,69589300
2022-02-18,164.07135009765625,167.24881311236203,162.9827709259436,166.54272185911768,82772700
2022-02-22,161.1488494873047,163.4731068473456,159.02071443579257,161.79610099125685,91162800
2022-02-23,156.98089599609375,162.9435479364118,156.66706433380475,162.34531942395103,90009200
2022-02-24,159.59933471679688,159.70721245821238,149.06659738297807,149.63540593186767,141147500
2022-02-25,161.66860961914062,161.9333881865455,157.76540780776472,160.6780917637284,91974200
2022-02-28,161.93336486816406,162.2275781983388,159.29527644930639,159.9131229462421,95056600
2022-03-01,160.05047607421875,163.38487003337303,158.8442174624351,161.52152827152648,83474400
2022-03-02,163.34561157226562,164.13017563125035,159.80527916281847,161.21749147612806,79724800
2022-03-03,163.02198791503906,165.6502754224143,162.35511815252505,165.21876441640376,76678400
2022-03-04,160.0210418701172,162.35511593567728,158.97169917829748,161.31557487047283,83737200
2022-03-07,156.22573852539062,161.83535182075346,155.97074658012755,160.2073838791356,96418800
2022-03-08,154.401611328125,159.73662866525098,152.7932618336368,155.75498387793954,131148300
2022-03-09,159.80523681640625,160.25636589418116,156.33356160306687,158.3636050422769,91454900
2022-03-10,155.46075439453125,157.29466080253508,152.96976503092125,157.1083251850628,105342000
2022-03-11,151.74391174316406,156.2061057623046,151.51835462854714,155.86285431301891,96970100
2022-03-14,147.71322631835938,151.1456808985897,147.20327241217439,148.527210200246,108732100
2022-03-15,152.0969696044922,152.56771702935066,147.4778746009712,147.98782853142856,92964300
2022-03-16,156.51014709472656,156.91223829679822,151.47915863007114,154.01917189606445,102300200
2022-03-17,157.52024841308594,157.89291972026123,154.58796090972857,155.54904405714797,75615400
2022-03-18,160.8153533935547,161.3057039167391,156.6767937807334,157.41231956551002,123511700
2022-03-21,162.1884002685547,163.13968181166422,159.8641278042269,160.35447849802293,95811400
2022-03-22,165.56201171875,166.15042355950408,161.7274657879275,162.3158776286816,81532000
2022-03-23,166.92515563964844,169.308252341418,164.41454803066404,164.7479978071537,98062700
2022-03-24,170.71066284179688,170.77930414345957,166.92515566056534,167.7587426911126,90131400
2022-03-25,171.34811401367188,171.8973042886656,169.41613146208226,170.5243286011813,80546200
2022-03-28,172.211181640625,172.33866265415583,168.68065041368175,168.84736786546566,90371900
2022-03-29,175.50631713867188,175.55534023387025,172.93686947046768,173.28012092274494,100589400
2022-03-30,174.3392791748047,176.14376602591867,173.289921571538,175.1042250130881,92633200
2022-03-31,171.24026489257812,174.59426174462104,171.03431102289065,174.40792609212167,103049300
2022-04-01,170.94606018066406,171.5050671665747,168.62180263029362,170.67146498333403,78751300
2022-04-04,174.99635314941406,175.0453912102986,171.0735477076942,171.20104367313095,76468400
2022-04-05,171.68154907226562,174.85902633621265,171.05390090505156,174.07446238611692,73401800
2022-04-06,168.51394653320312,170.2792122888408,166.84675691678004,169.0337171495412,89058800
2022-04-07,168.81793212890625,170.01438898962488,166.57213259059588,167.85684898260146,77594700
2022-04-08,166.80747985839844,168.4648674430598,165.93465630346196,168.4648674430598,76575500
2022-04-11,162.55123901367188,165.76793805160875,162.306063690876,165.4541214198734,72246700
2022-04-12,164.42434692382812,166.5916879340358,163.42402763064175,164.77739991175795,79265200
2022-04-13,167.1114959716797,167.73914420674996,163.55156041909547,164.1595904381064,70618900
2022-04-14,162.1001434326172,167.9647491437104,161.85496805900578,167.32728419373043,75329400
2022-04-18,161.88438415527344,163.38485607115766,160.41333208367593,160.75656858845937,69023900
2022-04-19,164.16940307617188,164.5813108194766,160.74676487778993,161.83534399523174,67723800
2022-04-20,164.00265502929688,165.62082096364503,162.89447286562967,165.5031266456754,67929800
2022-04-21,163.20831298828125,168.21969736612456,162.70816069883412,165.65026467883652,87227800
2022-04-22,158.66766357421875,164.63032953066207,158.38326676927218,163.24755201100473,84882400
2022-04-25,159.73663330078125,160.0210300948507,155.40193532965264,158.01058942731927,96046400
2022-04-26,153.77398681640625,159.20706614015833,153.69552890649263,159.11880660312406,95623200
2022-04-27,153.5484619140625,156.7063074062259,152.38142457610329,152.90119524462506,88063200
2022-04-28,160.48194885253906,161.34497072445453,155.8628394699356,156.17667104674604,130216800
2022-04-29,154.60751342773438,162.9925103374063,154.2152389962978,158.7166531917823,131747600
2022-05-02,154.91160583496094,155.17638444909122,150.31211369335705,153.6857290366365,123055300
2022-05-03,156.4022674560547,157.6085410477987,153.303262159751,155.09793269514185,88966500
2022-05-04,162.81602478027344,163.267138972668,156.18647479117334,156.58856589280018,108256500
2022-05-05,153.74452209472656,160.9134450425525,151.95963883488685,160.68788797008557,130525300
2022-05-06,154.47129821777344,156.5927286121708,151.42665191176067,153.2239736359336,116124600
2022-05-09,149.34454345703125,153.047223819661,148.78473018495143,152.163286830581,131577900
2022-05-10,151.75079345703125,153.9409814618481,150.19900690567323,152.74276671948687,115366700
2022-05-11,143.8838348388672,152.67400468671187,143.20615431110124,150.75883036017825,142689800
2022-05-12,140.01419067382812,143.58918770892123,136.32134136947613,140.22044713133192,182602000
2022-05-13,144.48294067382812,145.45526685384394,140.55437184575726,142.00793811597927,113990900
2022-05-16,142.94100952148438,144.8856624162591,141.60529515319183,142.9508405374904,86643800
2022-05-17,146.5749053955078,147.0954395557584,144.06060880808,146.2016865687997,78336300
2022-05-18,138.30528259277344,144.72848648816108,137.40169851030006,144.22759932213285,109742900
2022-05-19,134.89723205566406,139.13026237954173,134.160625433561,137.38205052865445,136095600
2022-05-20,135.13296508789062,138.18742845795921,130.24190028158935,136.60617864285032,137426100
2022-05-23,140.5543670654297,140.70168239695178,135.19186420352216,135.3293635083762,117726300
2022-05-24,137.85348510742188,139.43473470985077,134.87759532556828,138.29544611720485,104132700
2022-05-25,138.01060485839844,139.25791446992204,135.86952739968447,135.95791658734237,92482700
2022-05-26,141.21238708496094,141.76238425203672,134.6909642722216,134.93649979225893,90601500
2022-05-27,146.9677276611328,147.0070067469963,142.66594092364804,142.79362417872514,90978500
2022-05-31,146.1820526123047,147.9695587462053,144.21776806233134,146.40795612568894,103718400
2022-06-01,146.05438232421875,149.0302721781197,145.04276200731988,147.2231190270911,74286600
2022-06-02,148.50975036621094,148.56867650901708,144.237425177131,145.19010444930467,72348100
2022-06-03,142.7838592529297,145.32760433584582,141.88029009172675,144.2767048307591,88570300
2022-06-06,143.5302734375,145.91688699135824,142.31241160472894,144.40437947478588,71598400
2022-06-07,146.05438232421875,146.33919698612507,141.52670589855168,141.77224146396463,67808200
2022-06-08,145.31777954101562,147.1936599216941,144.8267083969664,145.92670296402,53950200
2022-06-09,140.0927734375,145.3079465173713,139.98473718785118,144.45348753415902,69473000
2022-06-10,134.68116760253906,138.2463336751748,134.61241045362357,137.7749096051149,91437900
2022-06-13,129.52491760253906,132.78562190034356,129.09277263849617,130.49722878533498,122207100
2022-06-14,130.38922119140625,131.49904691232265,129.132080103246,130.75262407444748,84784300
2022-06-15,133.01150512695312,134.88740024350506,129.79991106375064,131.8918636674431,91533000
2022-06-16,127.73741149902344,130.0258046120006,126.73562226384061,129.72134292932262,108123900
2022-06-17,129.2106475830078,130.70350817907268,127.49189843838613,127.74726504539257,134520300
2022-06-21,133.4436492919922,134.61240084976376,130.93919879539584,131.0374040187389,81000500
2022-06-22,132.93296813964844,135.29991972582334,131.5186808102628,132.38295585554104,73409200
2022-06-23,135.80081176757812,136.11508949160935,133.20795685254018,134.37670851634957,72433800
2022-06-24,139.1302490234375,139.37578454056782,137.2740011133842,137.4016693916089,89116800
2022-06-27,139.1302490234375,140.9275708071873,138.45256859835,140.15167018072825,70207900
2022-06-28,134.98561096191406,140.85881645152855,134.867758706979,139.5918597520797,67083400
2022-06-29,136.74368286132812,138.15797032243336,134.22940070216495,135.00530159449806,66242400
2022-06-30,134.27845764160156,135.8989859736656,131.38114169133365,134.79899171123657,98964500
2022-07-01,136.44898986816406,136.55702609474315,133.2373961064284,133.6105999003664,71051600
2022-07-05,139.0320587158203,139.08116882706545,134.4847351652157,135.30974606974897,73353800
2022-07-06,140.36773681640625,141.54630425251995,138.56059908194536,138.8257816256178,74064300
2022-07-07,143.7365264892578,143.93295194501385,140.72134254203155,140.73115856961377,66253700
2022-07-08,144.41415405273438,144.9150560673179,142.4105909532935,142.6659424799357,64547800
2022-07-11,142.28289794921875,144.0212933779238,141.21236683210466,143.0686144979095,63141600
2022-07-12,143.25527954101562,145.79902455570198,142.45974665881124,143.15705931439427,77588800
2022-07-13,142.8918914794922,143.8347397140172,139.5820616716197,140.43653568039218,71185600
2022-07-14,145.8186492919922,146.29007333779407,140.69186596170863,141.5070457617974,78140700
2022-07-15,147.48828125,148.1659617146879,145.55346006304742,147.1052464203459,76259900
2022-07-18,144.4436798095703,148.86332029894717,144.08027695642463,148.04814036588357,81420900
2022-07-19,148.30348205566406,148.52937058051154,144.286523787425,145.27848208027842,82982400
2022-07-20,150.3070526123047,150.9749171763546,147.6847344414976,148.42134117440867,64823400
2022-07-21,152.5758056640625,152.79187815956976,149.2266969700013,151.7409787508479,65086600
2022-07-22,151.33827209472656,153.48916568446282,150.67042266234586,152.61505981778862,66675400
2022-07-25,150.21864318847656,152.27131674461305,149.56060972730697,151.25971149976874,53623900
2022-07-26,148.8927764892578,150.3561589035467,148.10705966352916,149.54097900815464,55138700
2022-07-27,153.99009704589844,154.52046232301393,149.44278802073802,149.85528602165928,78620700
2022-07-28,154.54006958007812,154.82488420275592,151.65256933071927,154.17666680263463,81378700
2022-07-29,159.6079559326172,160.70796561063992,156.65171270547043,158.36064587550854,101786900
2022-08-01,158.62579345703125,160.66865118760447,158.01687004208316,158.1347223194791,67829400
2022-08-02,157.152587890625,159.50973846034333,156.7793839981374,157.24099208938756,59907000
2022-08-03,163.16329956054688,163.61507661089456,157.87936937014717,157.96775857743674,82507500
2022-08-04,162.84901428222656,164.20437546779837,161.49365309665475,163.0454397472784,55474100
2022-08-05,162.62278747558594,163.11454067024195,160.31154145785612,160.51808440274291,56697000
2022-08-08,162.1507110595703,165.04222255656555,161.49176350864772,163.62597080235415,60276900
2022-08-09,162.1998748779297,163.0850396486981,160.5574209787257,161.31472511427808,63135500
2022-08-10,166.4486541748047,166.54699582568117,164.14723743893427,164.91437134851807,70170500
2022-08-11,165.71099853515625,168.16976453213817,165.41594361409508,167.25509577756023,57149200
2022-08-12,169.26145935058594,169.33029699566112,166.60598003496278,167.01906593388134,68039400
2022-08-15,170.3334503173828,170.5301485665128,168.52380241400402,168.69099667612022,54091700
2022-08-16,170.17613220214844,170.84492444042124,168.82873307006977,169.93025557179138,56377100
2022-08-17,171.6710662841797,173.24466771389544,169.72372757411412,169.92042587693876,79542000
2022-08-18,171.27764892578125,172.01527879196829,170.26463844345383,170.88425233332873,62290100
2022-08-19,168.6910400390625,170.8744256820194,168.48449706975865,170.1761294599256,70346300
2022-08-22,164.8061981201172,167.05842149370653,164.38328250419255,166.89122718275175,69026800
2022-08-23,164.47177124023438,165.92737151886493,163.90133572678997,164.32425128292837,54147100
2022-08-24,164.7667999267578,165.3372353493739,163.50791313447206,164.56027201941407,53841500
2022-08-25,167.22561645507812,167.3338027751895,165.57333266477946,165.99623327523008,51218200
2022-08-26,160.92132568359375,168.2287866440609,160.8623176958489,167.75670773498427,78961000
2022-08-29,158.71827697753906,160.21319598841637,157.18400930436007,158.49205968709833,73314000
2022-08-30,156.28900146484375,159.87879372642644,155.11862647886383,159.4558931891013,77906200
2022-08-31,154.6268768310547,157.9314589229971,154.54819451849457,157.66590799399623,87991100
2022-09-01,155.3546905517578,155.8070951296429,152.11894582091065,154.05645479166745,74229900
2022-09-02,153.2401580810547,157.71511602884905,152.41401615420267,157.11517641377614,76957800
2022-09-06,151.98121643066406,154.4989899768238,151.15507479966428,153.88922091686408,73714800
2022-09-07,153.38766479492188,154.0859459351541,151.07641875135508,152.26646809885722,87449600
2022-09-08,151.9123992919922,153.78105537712216,150.1617441609201,152.08942323375317,84923800
2022-09-09,154.77439880371094,155.21698869351633,152.19761681404773,152.90574262919617,68028800
2022-09-12,160.73443603515625,161.55074810883656,156.6725650029193,156.9577752421011,104956000
2022-09-13,151.30264282226562,157.89213365235918,150.84039354694787,157.26269006575274,122656600
2022-09-14,152.74839782714844,154.5088829319825,151.0764397160354,152.23697022602627,87965400
2022-09-15,149.85687255859375,152.67954626691656,148.88321078041434,152.09926605765543,90481100
2022-09-16,148.2144317626953,148.85372001445614,145.92285973622464,148.71602969989698,162278800
2022-09-19,151.9320831298828,152.01076545240036,146.64082825286496,146.8473562182448,81474200
2022-09-20,154.31216430664062,155.4727097837978,150.5551772691551,150.86989154639073,107689800
2022-09-21,151.18460083007812,156.12180702361462,151.06658486761725,154.74488909740035,101696800
2022-09-22,150.2207794189453,151.9222413623521,148.42096082844884,149.8667164993867,86652500
2022-09-23,147.94886779785156,148.97172290795524,146.10971554201328,148.69634230303134,96029900
2022-09-26,148.28329467773438,151.23381448556898,147.171927414505,147.19160174855077,93339400
2022-09-27,149.25692749023438,152.16811306913462,147.47678328794686,150.22077457787657,84442700
2022-09-28,147.3686065673828,148.1554147485666,142.45107419388137,145.20489532446575,146691400
2022-09-29,140.1300048828125,144.30007793360352,138.35969014393336,143.69030869298015,128138200
2022-09-30,135.92054748535156,140.73973664436025,135.7238492559684,138.94974824061367,124925300
2022-10-03,140.10047912597656,140.71026327900083,135.4189942166646,135.93042173003832,114311700
2022-10-04,143.69029235839844,143.80830832520158,141.88062916042142,142.6379332973476,87830100
2022-10-05,143.98532104492188,144.94916805569278,140.65123517873155,141.69376449693982,79471000
2022-10-06,143.03134155273438,145.1065408456924,142.8248135939426,143.40507882099124,68402200
2022-10-07,137.77940368652344,140.73976746295003,137.14996021039673,140.18899129011245,85925600
2022-10-10,138.10397338867188,139.5497290653031,136.28449546728626,138.10397338867188,74899000
2022-10-11,136.68771362304688,139.01863396780078,135.94025417061508,137.59253769929057,77033700
2022-10-12,136.0582733154297,138.04496046792565,135.88124936484056,136.8352517842159,70433700
2022-10-13,140.63157653808594,141.2216713360496,132.15374170783133,132.76352584164425,113224000
2022-10-14,136.09762573242188,142.1363546632189,135.9107571080086,141.92981170804703,88598000
2022-10-17,140.0611572265625,140.5430657827838,137.95645402263972,138.7432621845146,85250900
2022-10-18,141.3790283203125,144.2803688565933,138.29081918893948,143.09033465697712,99136600
2022-10-19,141.4872589111328,142.55927749459596,139.16618275396215,139.35305140756245,61758300
2022-10-20,141.02496337890625,143.4837290525793,140.29716333693773,140.66107086147935,64522000
2022-10-21,144.84100341796875,145.41143897685419,140.29719327846567,140.51356590449524,86548600
2022-10-24,146.98500061035156,147.7521342563344,143.5919071751024,144.76228197033905,75981900
2022-10-25,149.82737731933594,149.97491229930705,146.89653213741997,147.6144876838341,74732300
2022-10-26,146.88670349121094,149.48316008121265,145.598297355203,148.4701495749658,88194300
2022-10-27,142.41172790527344,146.59163005196794,141.75278042653088,145.62779799425218,109180200
2022-10-28,153.17132568359375,154.9022919241191,145.38195509054958,145.75567739955667,164762400
2022-10-31,150.81089782714844,151.6960627678098,149.41432026169932,150.63387384328797,97943200
2022-11-01,148.16526794433594,152.88610277414685,146.67034867047332,152.52221012298716,80379300
2022-11-02,142.637939453125,149.66017491618842,142.60843546015093,146.49328294195223,93604600
2022-11-03,136.58938598632812,140.44472962212055,136.4615253404881,139.7169294177421,97918500
2022-11-04,136.32339477539062,140.5496299805745,132.38284296255216,139.97824816387146,140814800
2022-11-07,136.85537719726562,137.08195474161485,133.65367850914586,135.0722797176196,83374600
2022-11-08,137.42674255371094,139.3280515614897,135.44662070693448,138.32322168629616,89908500
2022-11-09,132.8655548095703,136.49087039963513,132.58971737719733,136.44161049413725,74917800
2022-11-10,144.6872100830078,144.6872100830078,137.42674799216064,139.14089348616804,118854000
2022-11-11,147.47515869140625,147.7805490726991,142.2243712372686,143.6528333928847,93979700
2022-11-14,146.07623291015625,148.04650852538037,145.238859760882,146.75598040253018,73374100
2022-11-15,147.8101043701172,151.3073474058049,146.35210428518187,149.95771310615612,89868300
2022-11-16,146.5786590576172,147.642609775535,145.100952232511,146.91361736230309,64218300
2022-11-17,148.47998046875,149.2286798359038,143.97789320265173,144.25373060276158,80389400
2022-11-18,149.04151916503906,150.4305673318375,147.74114484123723,150.0463641188946,74829600
2022-11-21,145.81027221679688,148.1351985339266,145.52458880647748,147.928327968664,58724100
2022-11-22,147.94801330566406,148.1844518302865,144.7463148991296,145.92849249022925,51804100
2022-11-23,148.82481384277344,149.5735133563615,147.1205141770319,147.22887996484198,58301400
2022-11-25,145.90878295898438,146.66734339247978,144.9334909730617,146.10580754336945,35195900
2022-11-28,142.0765838623047,144.46061568789466,141.24907166473017,142.98290889279264,69246000
2022-11-29,139.07192993164062,142.65783165746328,138.2641245866872,142.14555568748492,83763800
2022-11-30,145.82998657226562,146.50973424229787,138.46115805437884,139.29851639049443,111380900
2022-12-01,146.1058349609375,146.91365545012422,144.43110313137328,146.00733016626612,71250400
2022-12-02,145.61325073242188,145.80042936443078,143.48534896644694,143.79075438457457,65447400
2022-12-05,144.45079040527344,148.6770258303521,143.60357112015112,145.57384712908555,68826400
2022-12-06,140.7860565185547,145.11081116378415,139.81076461635996,144.88423366279338,64727200
2022-12-07,138.84535217285156,141.23923029830829,137.91932004741116,140.07677467327488,69721100
2022-12-08,140.52993774414062,141.38701807504808,139.00298578220685,140.24425432184734,62128300
2022-12-09,140.0471954345703,143.40651899251785,138.8059121667718,140.2245130259643,76097000
2022-12-12,142.34259033203125,142.35243630018152,138.9635592869445,140.5791849523235,70462700
2022-12-13,143.3080291748047,147.7411502710795,142.0963136174533,147.27813419846305,93886200
2022-12-14,141.08160400390625,144.48032672192886,139.06206832067184,143.18979848966035,82291200
2022-12-15,134.47132873535156,139.69256282085553,134.00831270124763,139.01281523751095,98931900
2022-12-16,132.51092529296875,135.60425843945495,131.7425187492694,134.65853424660116,160156900
2022-12-19,130.40269470214844,133.19063667083125,129.36831196695024,133.1019778704447,79592600
2022-12-20,130.33375549316406,131.26963355148135,127.9595693949815,129.43727633927585,77432800
2022-12-21,133.43695068359375,134.7767390812449,130.77708085896677,131.00365840968308,85928000
2022-12-22,130.2647705078125,132.56014344596582,128.36346171921937,132.35327292045574,77852100
2022-12-23,129.90028381347656,130.45195863115794,127.71327647766012,128.97425178436364,63814900
2022-12-27,128.09750366210938,129.45699902617415,126.80697517918489,129.42744608626094,69007800
2022-12-28,124.16678619384766,129.08262238361158,123.99931454878694,127.74283419111387,85438400
2022-12-29,127.68376159667969,128.5408270130066,125.83170450249385,126.08783502074829,75703700
2022-12-30,127.9990005493164,128.01870752250238,125.53616253764258,126.50160129153744,77034200
2023-01-03,123.21121215820312,128.95456111650307,122.3245864348614,128.34378035287284,112117500
2023-01-04,124.48204040527344,126.7478608503369,123.22106494631889,125.00416235162118,89113600
2023-01-05,123.16194915771484,125.87107865122056,122.9058186898535,125.24059093401247,80962700
2023-01-06,127.6935806274414,128.35362127262974,123.03388217385093,124.13723942127505,87754700
2023-01-09,128.2156982421875,131.4272575812406,127.95956778658704,128.530949601707,70790800
2023-01-10,128.78707885742188,129.30920076375085,126.21586822934367,128.32406282244906,63896200
2023-01-11,131.5060577392578,131.52574967331964,128.52109123972087,129.29934353146365,69458900
2023-01-12,131.42724609375,132.26460425926095,129.48652329837336,131.89026209256642,71379600
2023-01-13,132.7572021484375,132.91482784880117,129.70328312196565,130.06777940104425,57809700
2023-01-17,133.9196319580078,135.24955893921694,132.13653498479533,132.82612842305298,63646600
2023-01-18,133.20050048828125,136.54996329562516,133.0231678517452,134.7865730896908,69672800
2023-01-19,133.25961303710938,134.22504400705918,131.78190613060963,132.08729648616435,58280400
2023-01-20,135.8209686279297,135.9687483442848,132.22522101014553,133.26946486486585,80223600
2023-01-23,139.0128173828125,141.18997887668803,135.85051793428082,136.06724948686616,81760300
2023-01-24,140.41171264648438,141.03235437334166,138.21485919822922,138.22470516633354,66435100
2023-01-25,139.75167846679688,140.31319931491353,136.74700453490559,138.7960933961296,65799300
2023-01-26,141.82044982910156,142.10613318815084,139.79105325512376,141.04218251884544,54105100
2023-01-27,143.7611846923828,145.04186713056833,140.95355034191297,141.03236318771044,70555800
2023-01-30,140.87472534179688,143.38683009380475,140.7269606636837,142.8056023172103,64015300
2023-01-31,142.1455535888672,142.19481349464007,140.16543164570373,140.57918779657314,65874500
2023-02-01,143.26861572265625,144.43108640849707,139.21971287170524,141.83032262446247,77663600
2023-02-02,148.5784912109375,148.93312639059383,145.9678670041684,146.68701339404373,118339000
2023-02-03,152.2038116455078,155.04101372137666,145.6329433931969,145.82996797468513,154357300
2023-02-06,149.47499084472656,150.82464018350336,148.5391127115985,150.3025182240104,69858300
2023-02-07,152.35157775878906,152.9229595728958,148.4011799958932,148.4011799958932,83322600
2023-02-08,149.6621551513672,152.28262569889247,148.9233016908853,151.5930321421785,64120100
2023-02-09,148.6277618408203,152.0363458567265,148.18445275739066,151.49451696275133,56007100
2023-02-10,148.99282836914062,149.31842209117474,147.226745512614,147.46354505272012,57450700
2023-02-13,151.79490661621094,152.1994184714387,148.90403717735236,148.9336352385894,62199000
2023-02-14,151.153564453125,151.71595766811416,148.8448255867729,150.08798919443248,61707600
2023-02-15,153.25509643554688,153.42282376103753,150.83782666059355,151.0647500944972,65573800
2023-02-16,151.65675354003906,154.24175084931028,151.3015618059057,151.45941308943844,68167900
2023-02-17,150.5122528076172,150.95623873407766,148.83496427712012,150.314927401964,59144100
2023-02-21,146.49661254882812,149.27895045459564,146.42755543146694,148.19363813923312,58867200
2023-02-22,146.92086791992188,147.94696900428042,145.19424437189434,146.88139380804506,51011300
2023-02-23,147.40432739257812,148.33177339849212,145.27319184522457,148.08511286734324,48394200
2023-02-24,144.75027465820312,145.22385866894857,143.77349352201168,145.1449254913303,55469600
2023-02-27,145.94407653808594,147.17737898488724,145.4803536136917,145.73689015780175,44998500
2023-02-28,145.44090270996094,147.08859306462728,144.8686485359811,145.08571098317904,50547000
2023-03-01,143.36895751953125,145.26330849706878,143.0729618860178,144.86865768902635,55479000
2023-03-02,143.9609832763672,144.75030013651786,141.97782259518067,142.45142174425123,52238100
2023-03-03,149.0125732421875,149.09150642636217,145.36200004016092,146.06250758539213,70732300
2023-03-06,151.77517700195312,154.2121845297758,151.41012419214647,151.7357028817241,87558000
2023-03-07,149.57496643066406,151.97249979658332,149.11124338331118,151.64690605769943,56182000
2023-03-08,150.82797241210938,151.41996369175047,149.80187125635692,150.768776295138,47204800
2023-03-09,148.5784149169922,152.47564779944702,148.22322319539091,151.50874285646216,53833600
2023-03-10,146.51637268066406,148.92378215572674,145.63826168901898,148.2035375357173,68572400
2023-03-13,148.46002197265625,151.09435428881787,145.72701943515565,145.83555065664373,84457100
2023-03-14,150.55174255371094,151.35092039522885,148.09501290089167,149.2592435700248,73695900
2023-03-15,150.94638061523438,151.20290214198522,147.91738213550175,149.17042182051847,77167900
2023-03-16,153.76817321777344,154.3700254849667,149.6144034630521,150.127461556798,76161100
2023-03-17,152.92953491210938,154.64629769155513,152.21915135199143,153.99511025228628,98944600
2023-03-20,155.2974853515625,155.71188834819753,152.09089801379864,152.99862213932042,73641400
2023-03-21,157.15237426757812,157.2707665184009,154.44896911905354,155.21856391429898,73938300
2023-03-22,155.72171020507812,159.97413485829682,155.7019731494937,157.17207516380427,75701800
2023-03-23,156.8070526123047,159.39206566084016,155.57374974438574,156.70839741585115,67622100
2023-03-24,158.1094207763672,158.19821496579544,155.7414853951506,156.73798864921076,59196500
2023-03-27,156.1657257080078,158.6224701978729,155.76119879412065,157.80355536791788,52390300
2023-03-28,155.54409790039062,156.37288858285143,153.8964076451378,155.8598305517969,45992200
2023-03-29,158.62245178222656,158.8987103608656,157.22142183199622,157.241143834068,51305700
2023-03-30,160.1912078857422,160.2997391161816,159.11577163727372,159.37229315696538,49501700
2023-03-31,162.697265625,162.79593585053084,159.74721557415742,160.270134648553,68749800
2023-04-03,163.9503173828125,164.06870961825848,162.02636828199599,162.07570339841976,56976200
2023-04-04,163.41754150390625,164.61137005549932,162.90448337873613,164.37458557847017,46278300
2023-04-05,161.57254028320312,162.845317301899,159.63872977420775,162.53946059266778,51511700
2023-04-06,162.4604949951172,162.75649064193277,159.83602334429725,160.26027222926052,45390100
2023-04-10,159.86563110351562,159.86563110351562,157.94168186492254,159.26377877195932,47716900
2023-04-11,158.65206909179688,160.1912285181147,158.3659344224378,160.18136751588224,47644200
2023-04-12,157.9613800048828,159.89518976902323,157.64564735892287,159.06641415582018,50133100
2023-04-13,163.3484649658203,163.58526449148977,159.26376724154565,159.47096870837692,68445600
2023-04-14,163.00315856933594,164.0983319737809,161.63172656331614,162.39143019016473,49386500
2023-04-17,163.0228729248047,163.1807392768596,161.83890539432053,162.8847436304976,41516200
2023-04-18,164.246337890625,165.17378402192244,163.4372840126962,163.88128507276087,49923000
2023-04-19,165.39083862304688,165.91375779040226,163.3287449605883,163.5852815705882,47720200
2023-04-20,164.42391967773438,165.6276243886042,163.3484832728481,163.87140244421354,52456400
2023-04-21,162.81568908691406,164.226580111448,162.29276996055185,162.84528714652217,58337300
2023-04-24,163.1215362548828,163.38793383083043,161.70076925644653,162.79594256316088,41949600
2023-04-25,161.5823974609375,164.08846202710322,161.54292334211996,162.98342757965568,48714100
2023-04-26,161.57254028320312,163.07224081923718,160.62537209042043,160.88189367284764,45498800
2023-04-27,166.16043090820312,166.30842122903613,162.98344154461137,162.98344154461137,64902300
2023-04-28,167.41342163085938,167.5811640335514,165.63747792316207,166.23933019675923,55275900
2023-05-01,167.3246307373047,168.17314354860417,166.387323749872,167.0187740939811,52472900
2023-05-02,166.28863525390625,168.07446991146244,165.30199325866423,167.8179333575238,48425700
2023-05-03,165.21319580078125,168.6368446604595,164.92707625204469,167.23581486172367,65136000
2023-05-04,163.57537841796875,164.8086809772467,162.11515240317325,162.68740659727376,81235400
2023-05-05,171.25148010253906,171.97172463520235,168.4790030974248,168.6960655683585,113453200
2023-05-08,171.18238830566406,171.52771903028287,169.8109565174022,170.17600924259867,55962800
2023-05-09,169.47552490234375,171.22187065365208,169.3077975448434,170.73842563937583,45326900
2023-05-10,171.24159240722656,171.70531537679722,169.60376298512443,170.70881232248743,53724500
2023-05-11,171.42906188964844,172.25783762602444,169.87016559220018,171.5277321199156,49514700
2023-05-12,170.50033569335938,171.97245613352067,168.94915782664347,171.5377307421917,45533100
2023-05-15,170.00634765625,171.13267487374878,169.4135375098661,171.0832715155854,37266700
2023-05-16,170.00634765625,171.0635071571624,169.73958158279842,169.92730529834625,42110300
2023-05-17,170.61891174316406,170.85602374756016,168.37613188825594,169.65066921503973,57951600
2023-05-18,172.9506072998047,173.13833101906644,170.51022910097907,170.92519018134206,65496700
2023-05-19,173.05929565429688,174.2745399441767,172.84193292592303,174.2745399441767,55809500
2023-05-22,172.1107940673828,172.61468722054929,171.3697889134683,171.89343134950482,43570900
2023-05-23,169.50242614746094,171.3006055683709,169.2257854789803,171.05360389467134,50747300
2023-05-24,169.7790985107422,170.35214430979713,168.4749372695529,169.03809335131075,45143500
2023-05-25,170.91529846191406,171.81437317497037,169.63088663153601,170.34225271987503,56058300
2023-05-26,173.32601928710938,173.66195304430255,171.03385143516303,171.24133948884744,54835000
2023-05-30,175.17361450195312,176.84334846181008,174.45237373510062,174.8376957969301,55964400
2023-05-31,175.12420654296875,177.19902686801004,174.64007778024913,175.20324889662425,99625300
2023-06-01,177.93014526367188,177.95978426232014,174.8080400825605,175.56880955803746,68901800
2023-06-02,178.77984619140625,179.59989373048958,177.11011211219468,178.85888855278898,61996900
2023-06-05,177.42626953125,182.73186141970515,175.90473056039738,180.43969339813148,121946500
2023-06-06,177.06069946289062,177.95977416384898,175.30203354675976,177.81157917901706,64848400
2023-06-07,175.68739318847656,179.03673595726826,175.19338974130497,176.2999526387169,61944600
2023-06-08,178.40440368652344,178.67115468077665,175.3317017878174,175.76641213704826,50214900
2023-06-09,178.78973388671875,180.0444917855316,178.4636898031236,179.32325097528164,48900000
2023-06-12,181.58575439453125,181.68456110008822,178.7995831921066,179.09598823299092,54274900
2023-06-13,181.11151123046875,181.9414332653256,180.2519501997803,180.60763322554558,54929100
2023-06-14,181.74386596679688,182.17859141427,179.8370198890403,181.17082015656314,57462900
2023-06-15,183.77914428710938,184.28303741690132,181.57589328622848,181.7537423543279,65433200
2023-06-16,182.7022247314453,184.7474061455162,182.0600263098281,184.49051471623886,101256200
2023-06-20,182.79112243652344,183.8680612460024,182.19832743508823,182.19832743508823,49799100
2023-06-21,181.75375366210938,183.18636063386023,180.40017397466633,182.68246747271866,49515700
2023-06-22,184.75729370117188,184.80669706223912,181.46722885451086,181.53639657516283,51245300
2023-06-23,184.44110107421875,185.31055187722217,182.79113153727351,183.3246636484937,53117000
2023-06-26,183.0480194091797,185.79467703737228,183.0084906957425,184.5893075659166,48088700
2023-06-27,185.80453491210938,186.1305789275048,183.44319953617173,183.66056221310203,50730800
2023-06-28,186.9803009033203,187.62249934110088,185.350095591546,185.67612459327006,51216800
2023-06-29,187.3162078857422,187.79046201011187,186.67400948819943,186.81232983886036,46347300
2023-06-30,191.6436767578125,192.14755478947328,188.9661717445866,189.33174450555188,85213200
2023-07-03,190.1518096923828,191.5547776450248,189.46019281962833,191.45597092726317,31458200
2023-07-05,189.03530883789062,190.66551373423496,188.33381750277124,189.2724358545052,46920300
2023-07-06,189.50958251953125,189.7170705815605,186.9308841600135,187.56320791106293,45094300
2023-07-07,188.39312744140625,190.35926638037827,187.95841711755844,189.11438325252212,46815000
2023-07-10,186.3479766845703,187.71143099184326,184.79679865953796,186.9901751208951,59922200
2023-07-11,185.82432556152344,187.0296950947768,184.3620796809065,186.8913747422291,46638100
2023-07-12,187.49407958984375,189.40092573103476,186.20966756388748,187.40514750841933,60750200
2023-07-13,188.25482177734375,188.897035286273,187.5039419858172,188.2153081360164,41342300
2023-07-14,188.4030303955078,188.88714410801785,187.35574553686786,187.94854060692288,41616200
2023-07-17,191.6634521484375,191.9894962144421,189.5095893997432,189.598506397075,50520200
2023-07-18,191.4065399169922,191.9993499863452,190.11225351055063,191.03110761046918,48288200
2023-07-19,192.7601318359375,195.85258285437448,190.3395031262878,190.7841182449009,80507300
2023-07-20,190.81375122070312,194.1136901954007,190.19130213491889,192.7502360363635,59581200
2023-07-21,189.63804626464844,192.63170595716375,188.93655473427472,191.77214478083425,71951700
2023-07-24,190.4383087158203,192.57240699977407,189.94430532096735,191.09039681521514,45377800
2023-07-25,191.29788208007812,192.10805493602857,190.60628029804008,191.01136672601527,37283200
2023-07-26,192.16732788085938,193.29365506077994,191.00148706119938,191.34728040522955,47471900
2023-07-27,190.90269470214844,194.83495794865564,190.24073188727883,193.66911704133602,47460200
2023-07-28,193.48138427734375,194.27179277672036,191.8116502798051,192.3352927070371,48291400
2023-07-31,194.09393310546875,194.13346181996275,192.91820259976402,193.70861105598286,38824100
2023-08-01,193.26400756835938,194.37057034188453,192.93796352063418,193.88645666636083,35175100
2023-08-02,190.27035522460938,192.83916391140565,189.54911446715442,192.70084355962268,50389300
2023-08-03,188.87725830078125,190.06286344658966,188.40301925761534,189.27247006657564,61235200
2023-08-04,179.80735778808594,185.13271368389906,179.73819007769725,183.295020485719,115956800
2023-08-07,176.70501708984375,180.9336848652445,175.2230069327887,179.94567809387448,97576100
2023-08-08,177.6436309814453,178.10799539743132,175.45025461361834,177.5349496271552,67823000
2023-08-09,176.05291748046875,178.76004620834635,174.88706172714433,178.7007682180696,60378500
2023-08-10,175.8355712890625,178.58222898523437,175.47001359754938,177.3274561288203,54686900
2023-08-11,175.89492797851562,176.71608281179377,174.6681548123879,175.4299516016464,52036700
2023-08-14,177.54714965820312,177.77469387045335,175.42005736478495,176.0730260741773,43675600
2023-08-15,175.55856323242188,177.56692432110017,175.1628328578025,176.9733287591711,43622600
2023-08-16,174.68797302246094,176.63696118746435,174.6187118962378,175.24200164765458,46964900
2023-08-17,172.14537048339844,175.61795269474305,171.63090882744592,175.25190127793104,66062900
2023-08-18,172.63011169433594,173.23361029129558,170.12708024206367,170.46345254957686,61172200
2023-08-21,173.9656982421875,174.2526155537449,171.88809143364858,173.20391662712854,46311900
2023-08-22,175.3408966064453,175.78609702554508,174.37134667878323,175.17271045239184,42038900
2023-08-23,179.18942260742188,179.61484705303545,176.42916808280543,176.6171452729967,52722800
2023-08-24,174.49998474121094,179.16967585239115,174.13391827576947,178.74425133745834,54945800
2023-08-25,176.70619201660156,177.2404295003986,173.9459373407173,175.4893068451812,51449600
2023-08-28,178.26934814453125,178.6650784859593,176.64682959084442,178.17040801110178,43820700
2023-08-29,182.15745544433594,182.9291401969668,177.58670497165372,177.78457014737916,53003900
2023-08-30,185.6498260498047,185.84770631972717,182.77085531463172,182.9687204884091,60813900
2023-08-31,185.86749267578125,187.10416895130786,185.48165028166278,185.8378136528603,60794500
2023-09-01,187.4405517578125,187.89564016216337,186.27312153245367,187.47023078000296,45766500
2023-09-05,187.677978515625,187.95499277883354,185.61025951662367,186.27311615331163,45280000
2023-09-06,180.9603729248047,186.8370611072444,179.53571941437733,186.3918455631262,81755800
2023-09-07,175.66738891601562,176.31046963604499,171.69023379276553,173.312752460059,112488800
2023-09-08,176.28079223632812,178.31884760950354,175.89494980617377,176.4489935101174,65551300
2023-09-11,177.44821166992188,178.3781946740771,175.44973851819339,178.15065045906456,58953100
2023-09-12,174.4208221435547,178.2100000030001,172.95660168355545,177.57682236385347,90370200
2023-09-13,172.3531036376953,175.4101637291933,172.12554433664133,174.62857587906927,84267900
2023-09-14,173.86680603027344,174.2229694212733,171.72982568427443,172.14534712441645,60895800
2023-09-15,173.14453125,174.61865450450784,171.96722835648032,174.5988634612134,109259500
2023-09-18,176.07302856445312,177.46800307348116,174.2922116482627,174.59890495957814,67257600
2023-09-19,177.16128540039062,177.71531389898738,175.2419616044344,175.6278039585389,51826900
2023-09-20,173.61944580078125,177.78456267568592,173.5303936437239,177.34925024969752,58436200
2023-09-21,172.0760955810547,174.4208443257111,172.00684955191673,172.68949734734272,63149100
2023-09-22,172.92689514160156,175.19249433338604,172.19479251227028,172.80817906033587,56725400
2023-09-25,174.2031707763672,175.08368369125543,172.29373473406022,172.3432048049037,46172700
2023-09-26,170.1270751953125,173.33253018900052,169.83026989319274,172.9565908960506,64588900
2023-09-27,168.6133575439453,171.19553782333026,167.24807740616436,170.78001646868876,66921800
2023-09-28,168.87062072753906,170.19633406818943,165.83333655703308,167.53500431517824,56294400
2023-09-29,169.3850860595703,171.2252609973693,168.5243490895999,170.18644988639232,51861100
2023-10-02,171.89801025390625,172.44215085955082,169.10806120104496,169.39497856408786,52164500
2023-10-03,170.5624237060547,171.77932430025754,168.9992778317546,170.42391653632623,49594600
2023-10-04,171.80897521972656,172.35311583182798,169.14764530465982,169.26636140324675,53020300
2023-10-05,173.045654296875,173.5798918450903,170.83941278902026,171.93758200671277,48527900
2023-10-06,175.59817504882812,176.09284564890197,171.33410179542668,171.94750360489934,57266700
2023-10-09,177.0821533203125,177.1415113656987,173.92615307401468,174.9253820623563,42390800
2023-10-10,176.48854064941406,177.80436599291428,176.05322819338144,176.20163840129018,43698000
2023-10-11,177.8834991455078,177.93296921037802,175.70695215651745,176.30054764652704,47551100
2023-10-12,178.7838134765625,180.39642899359671,177.13160077070958,178.1506358590928,56743100
2023-10-13,176.94363403320312,179.99079085887703,176.24119532002288,179.4862324115919,51427100
2023-10-16,176.81503295898438,177.17119633941073,174.6285826048942,174.86602989056055,52517000
2023-10-17,175.2617645263672,176.51823191229096,172.93682206936518,174.76709399132676,57549400
2023-10-18,173.9656982421875,175.68715682310025,173.24348362037233,173.70847504574286,54764400
2023-10-19,173.5897979736328,175.94441955236843,173.32267164674883,174.16360253338752,59302900
2023-10-20,171.03724670410156,173.55016575799414,170.7997994714244,173.4413376633683,64244000
2023-10-23,171.156005859375,172.15523490983713,168.1187215150264,169.08828663709707,55980100
2023-10-24,171.59130859375,171.81885280099095,169.62251453312876,171.20546620053886,43816600
2023-10-25,169.27627563476562,171.21537582153513,168.83106004342108,170.04796051874604,57157000
2023-10-26,165.1111297607422,169.55327657792432,163.90413245355498,168.55403244057868,70625300
2023-10-27,166.42694091796875,167.1590586780216,165.05175755916278,165.13090664912622,58499100
2023-10-30,168.47486877441406,169.34549366723184,167.0700063949142,167.21841659954197,51131000
2023-10-31,168.9497528076172,169.07835686158955,166.11033410734646,167.54489051547947,44846000
2023-11-01,172.11566162109375,172.37288485640974,168.3066925856151,169.1773175299865,56934900
2023-11-02,175.6773223876953,175.88507558379146,173.58981187255435,173.6491699285818,77334800
2023-11-03,174.76710510253906,174.93530637975567,171.50229144062166,172.3828044451284,79829200
2023-11-06,177.319580078125,177.51744525540883,174.3317811800047,174.49996733550321,63841300
2023-11-07,179.88197326660156,180.4953598060514,177.06234560698942,177.27009874628624,70530000
2023-11-08,180.94056701660156,181.4945955371222,179.65442075331012,180.40632954214095,49340300
2023-11-09,180.4656982421875,182.1574629246798,179.87208759448916,181.00983881988668,53763500
2023-11-10,184.65609741210938,184.82452025063435,181.8129530168045,182.24883894138773,66133400
2023-11-13,183.0710906982422,184.28957909475855,182.4866141219331,184.0815522328342,43627500
2023-11-14,185.6864013671875,186.35013134634684,184.55706727911962,185.94396348691,60108400
2023-11-15,186.25106811523438,187.72713387081996,186.02322411136396,186.09257648247507,53790500
2023-11-16,187.93516540527344,189.173470968727,186.88506958999568,187.79647578680803,54412900
2023-11-17,187.9153289794922,188.59887599886426,186.805812145748,188.47008739636428,50922700
2023-11-20,189.65887451171875,190.1145776039652,188.10357060538217,188.11347160798348,46505100
2023-11-21,188.85646057128906,189.72823253932046,187.9648865974642,189.61926104331656,38134500
2023-11-22,189.5201873779297,191.12502655036587,189.0446822742513,189.69851123933077,39617700
2023-11-24,188.19271850585938,189.11401054524026,187.47945332619432,189.08429242242372,24048300
2023-11-27,188.01438903808594,188.88616092409407,187.13271615011263,188.14317764380084,40552600
2023-11-28,188.6186981201172,189.29234420962146,187.62805366546104,188.0045033953615,38415400
2023-11-29,187.59832763671875,190.29288164913223,187.2020759179661,189.11401237919708,43014200
2023-11-30,188.1728973388672,188.53944603911236,186.42936866830843,188.06392585220516,48794400
2023-12-01,189.45083618164062,189.76783452208102,187.45963130874318,188.54934617033052,45704800
2023-12-04,187.6577606201172,188.27197042434886,185.69628894913777,188.2026180609542,43389500
2023-12-05,191.6104278564453,192.58125508438908,188.40073472916,188.43046796633192,66628400
2023-12-06,190.52076721191406,192.9379272177151,190.31272520524868,192.63082982561934,41089700
2023-12-07,192.45249938964844,193.17566559760107,191.7788533108163,191.81848755335412,47477700
2023-12-08,193.8790283203125,194.15640755182167,191.8581052152776,192.38314555463674,53406400
2023-12-11,191.37269592285156,191.67980841318465,189.6291670567547,191.3033586686724,60943700
2023-12-12,192.88839721679688,192.8982982200226,189.92636472047343,191.27364184491046,52696900
2023-12-13,196.10797119140625,196.1475903161728,193.02706651664724,193.26481149731427,70404200
2023-12-14,196.25657653808594,197.75244424587422,194.32482284497263,196.16742216364264,66831600
2023-12-15,195.7216339111328,196.54385551373443,195.15695931123605,195.68199966761293,128538400
2023-12-18,194.05734252929688,194.7904248709577,192.57137584033416,194.2554683979516,55751900
2023-12-19,195.0975341796875,195.10743518311423,194.05735441052127,194.32483266340077,40714100
2023-12-20,193.0072479248047,195.8305753609382,193.0072479248047,195.05787394759355,52242800
2023-12-21,192.85862731933594,195.236182736706,191.68967428738756,194.26535554386368,46482500
2023-12-22,191.7887725830078,193.58183662844655,191.16466173906855,193.35397752019378,37149600
2023-12-26,191.24391174316406,192.0760494430794,191.02596875756228,191.7986702097743,28919300
2023-12-27,191.34295654296875,191.68968812345565,189.30223153241622,190.68914273833013,48087700
2023-12-28,191.76895141601562,192.8388492190412,191.36278357008254,192.32370988068791,34049900
2023-12-29,190.72877502441406,192.58127531145587,189.9362564400636,192.08595308574118,42672100
2024-01-02,183.90322875976562,186.67703614744315,182.16960103197144,185.39909638597572,82488700
2024-01-03,182.5262451171875,184.14100045386294,181.7139093893273,182.49652699212288,58414500
2024-01-04,180.2081298828125,181.37708304150152,179.18776734055538,180.44587486910356,71983600
2024-01-05,179.48495483398438,181.05017488447822,178.48440937769652,180.28738953880892,62379700
2024-01-08,183.823974609375,183.86360885082058,179.80196071659407,180.38643729162627,59144500
2024-01-09,183.40789794921875,183.41779895114087,181.0204413910758,182.19931060924736,42841800
2024-01-10,184.4480438232422,184.65607063779117,182.19927728349424,182.6252621447648,46792900
2024-01-11,183.85366821289062,185.3000155120803,181.9020977729046,184.79477725525186,49128400
2024-01-12,184.1806182861328,184.99295400827782,183.45745205458948,184.31930790747037,40477800
2024-01-16,181.9120330810547,182.5361287641061,179.23728115128065,180.45578462721193,65603000
2024-01-17,180.97091674804688,181.2185778549055,178.613193289656,179.57411959355028,47317400
2024-01-18,186.8652801513672,187.37050341346043,184.09147247948349,184.34903461223058,78005800
2024-01-19,189.76785278320312,190.15420352293785,187.0534966021051,187.5587198414397,68903000
2024-01-22,192.0760498046875,193.50258021639056,190.46129453087994,190.50092877344645,60133900
2024-01-23,193.35397338867188,193.91864797179585,192.01661247228014,193.19548176740474,42355600
2024-01-24,192.68032836914062,194.542744606446,192.5218216434054,193.59171936806808,53631300
2024-01-25,192.35342407226562,194.43378338829353,191.30334341188293,193.39360373027958,54822100
2024-01-26,190.6197967529297,192.93790105900956,190.14429166563914,192.45249496932922,44594000
2024-01-29,189.93624877929688,190.4018528619721,187.8063693410428,190.2136280052267,47145600
2024-01-30,186.28074645996094,190.00557868100643,185.7160870725139,189.15362398321756,55859400
2024-01-31,182.67481994628906,185.34957189909602,182.62529981948686,185.2901205380725,55467800
2024-02-01,185.11181640625,185.20097077595153,182.1002640289582,182.26867176596141,64885400
2024-02-02,184.11126708984375,185.5774165638072,177.57300802816712,178.1773017145222,102551700
2024-02-05,185.92413330078125,187.47945226083425,184.10135123689923,186.3897373769733,69668800
2024-02-06,187.52899169921875,187.53889270164484,185.02266252630227,185.1118168962398,43490800
2024-02-07,187.63795471191406,189.26261088240534,186.84543618864265,188.85644306077413,53439000
2024-02-08,186.5581512451172,187.76672344534998,185.59722501634783,187.6181328392653,40962000
2024-02-09,187.32192993164062,188.45270503827624,186.47880163607178,187.12353611951417,45155200
2024-02-12,185.63568115234375,187.14338640307878,185.27859346494134,186.8954092628083,41781900
2024-02-13,183.54273986816406,184.70328611762721,182.02512109310902,184.26684396147397,56529500
2024-02-14,182.65994262695312,184.02878118831165,180.96378758253468,183.8204888809099,54630500
2024-02-15,182.372314453125,182.99722170980874,179.88262933424807,182.06482521105013,65434500
2024-02-16,180.8348388671875,183.35429496994237,180.2000180232841,181.9358579237584,49752500
2024-02-20,180.09091186523438,180.95386745060242,178.54353696650966,180.31904659124555,53665600
2024-02-21,180.84478759765625,181.41016764298323,179.19821564929268,180.46785747722194,41371400
2024-02-22,182.87815856933594,183.46339606563654,180.98362490692526,181.99536064224762,52292200
2024-02-23,181.04315185546875,183.54275049121756,180.75548990166286,183.51299444569602,45119700
2024-02-26,179.6941375732422,181.28118200444274,179.1882545795608,180.76540051034647,40867400
2024-02-27,181.15223693847656,182.43179212202116,178.10707086865912,179.63461828889808,54318900
2024-02-28,179.9520263671875,181.6382676787398,178.67247114624934,181.03320292829392,48953900
2024-02-29,179.2874755859375,181.09275646398507,178.07734590919267,179.80327228471162,136682600
2024-03-01,178.206298828125,179.06925444803085,175.94474848019505,178.09718827908785,73563100
2024-03-04,173.68316650390625,175.46858951163802,172.38375378915603,174.72465821330945,81510100
2024-03-05,168.74346923828125,170.6479317427376,168.24751498810025,169.37829007310003,95132400
2024-03-06,167.75157165527344,169.85442810491517,167.31512946505867,169.67587669286206,68587700
2024-03-07,167.63253784179688,169.34853532264208,167.12666995146384,167.78131806385875,71765100
2024-03-08,169.34854125976562,172.29451084245372,167.5730316278488,167.63254371875993,76267000
2024-03-11,171.35218811035156,172.9690037589795,170.65785520874886,171.54065314121274,60139500
2024-03-12,171.82830810546875,172.62183794587216,169.62626998762764,171.7489536078961,59825400
2024-03-13,169.74533081054688,171.78866019215863,169.37831432085247,171.37206037860597,52488700
2024-03-14,171.6001739501953,172.89957168966941,170.65786388331372,171.51090581587792,72913500
2024-03-15,171.22323608398438,171.22323608398438,168.91208752136302,169.78497182252738,121752700
2024-03-18,172.31436157226562,176.27208229753154,172.11598288120766,174.14939851903085,75604200
2024-03-19,174.65524291992188,175.18095319129145,171.62991909909198,172.92931675607417,55215200
2024-03-20,177.2242889404297,177.2242889404297,173.67325471299228,174.29816190798687,53423100
2024-03-21,169.98338317871094,176.05387450413767,169.4576727967747,175.61743226962642,106181300
2024-03-22,170.88600158691406,171.64977539848843,168.68396342338923,170.37020490965267,71160100
2024-03-25,169.4675750732422,170.54875171721093,168.078894077347,169.1898419011277,54288300
2024-03-26,168.33677673339844,170.03293157637614,168.20782380153534,168.6244235021846,57388400
2024-03-27,171.9076690673828,172.19533102381604,168.73356472173438,169.03114031499092,60273300
2024-03-28,170.0924835205078,170.83641497501446,169.1303309618533,170.36030308202098,65672700
2024-04-01,168.65420532226562,169.86433493378763,168.1086526063626,169.80482284392966,46240500
2024-04-02,167.4738311767578,167.96978543762384,166.86876637308836,167.71189467068976,49329500
2024-04-03,168.27728271484375,169.29894733031932,167.2159484161416,167.42424073989756,47691700
2024-04-04,167.45399475097656,170.5289019190824,167.45399475097656,168.9120862737285,53704400
2024-04-05,168.20785522460938,169.01129873561936,167.5829479892356,168.21776886148135,42104800
2024-04-08,167.08697509765625,167.83090643391947,166.87868279928273,167.66228381393842,37425500
2024-04-09,168.297119140625,168.70380527202582,166.98780774616682,167.3349666518587,42373800
2024-04-10,166.42242431640625,167.72182216558926,165.75784736817235,167.43417533006158,49709300
2024-04-11,173.62367248535156,174.04028741115994,166.79935169580833,166.97788797659143,91070300
2024-04-12,175.12144470214844,176.91679662448954,172.80038249764078,172.8499658132502,101670900
2024-04-15,171.2926788330078,175.20080068867838,171.10421379905583,173.94107267383276,73531800
2024-04-16,168.00946044921875,172.354009228837,166.9084414489389,170.36027866522625,73711200
2024-04-17,166.640625,169.26917642354965,166.640625,168.2375982616629,50901200
2024-04-18,165.68838500976562,167.27544462394533,165.20235954360626,166.67037984876308,43122900
2024-04-19,163.66490173339844,165.05356757276493,162.7523477339115,164.86511767231858,68149400
2024-04-22,164.4981231689453,165.90663160390042,163.43678880778052,164.1807202784816,48116400
2024-04-23,165.54953002929688,165.69832539217154,163.58555534900174,164.01208389352126,49537800
2024-04-24,167.65235900878906,167.93009214499835,164.86509887626792,165.19241532333402,48251800
2024-04-25,168.51535034179688,169.22952573993217,166.7894239404159,168.15826264272923,50558300
2024-04-26,167.93008422851562,169.95357057341047,167.81104493623707,168.50539287934848,44838400
2024-04-29,172.0961151123047,174.60564226594082,171.69935778865286,171.96716217122307,68169400
2024-04-30,168.95176696777344,173.5740639461448,168.62443536523762,171.92749229774822,65934800
2024-05-01,167.93008422851562,171.31249528507365,167.74161922311797,168.20781735163217,50383100
2024-05-02,171.62994384765625,172.01678759624437,169.50726004906326,171.11414713776406,94214900
2024-05-03,181.8961944580078,185.48689856009224,181.18201909229816,185.13972451400554,163224100
2024-05-06,180.2397003173828,182.70954279745968,178.9601298757301,180.87452115240256,78569700
2024-05-07,180.92413330078125,183.40390494764134,179.8528852684237,181.9656404195275,77305800
2024-05-08,181.2613525390625,181.58868413827042,179.98178218440233,181.3704630721318,45057100
2024-05-09,183.07656860351562,183.16583674066726,180.63646690744054,181.0828227285221,48983000
2024-05-10,181.8151092529297,183.84134031553506,180.9013175850214,183.65261967053823,50759500
2024-05-13,185.02334594726562,185.837821467034,183.37454074079744,184.1890162605658,72044800
2024-05-14,186.16555786132812,187.02969899838186,185.0332491027049,186.245019986336,52393600
2024-05-15,188.4401092529297,189.3638279979279,186.10595679645579,186.6423223274902,70400000
2024-05-16,188.55931091308594,189.81082048816586,188.3805324914181,189.1850657006259,52845200
2024-05-17,188.589111328125,189.52277241007562,187.90376371878457,188.23153932133224,41282900
2024-05-20,189.751220703125,190.6252889956646,187.73491647398643,188.05276500067424,44361300
2024-05-21,191.05238342285156,191.42980957851574,189.6320225414164,189.80087387660714,42309400
2024-05-22,189.6121826171875,191.51924363513825,188.98644290290525,190.97295090373845,34648500
2024-05-23,185.61929321289062,189.7114944206788,185.370979738518,189.69162509909052,51005900
2024-05-24,188.69837951660156,189.29433794369746,186.77146444562422,187.5462164631898,36327000
2024-05-28,188.70831298828125,191.69800175645932,187.82431762786635,190.21804799663707,52280100
2024-05-29,189.00628662109375,190.95307102285372,188.23154975607,188.33088121296123,53068000
2024-05-30,189.99954223632812,190.88353764935988,189.34400614498344,189.47311885305376,49889100
2024-05-31,190.9530792236328,191.27092777465327,188.6288685287447,190.14854591816024,75158300
2024-06-03,192.7210693359375,193.67459982931555,191.22126127594868,191.59868748395303,50080500
2024-06-04,193.0388946533203,194.0023521144802,191.72779227719917,193.32693160548868,47471400
2024-06-05,194.54861450195312,195.5716646905796,193.55536071448273,194.08178400937402,54156800
2024-06-06,193.16799926757812,195.17437623382352,192.8600930073616,194.36984306207057,41181800
2024-06-07,195.56175231933594,195.6114180436154,192.83030419832767,193.33685821193552,53103900
2024-06-10,191.81716918945312,195.96897795846326,190.8537117900643,195.5716673445734,97010200
2024-06-11,205.75254821777344,205.76249045694837,192.32376582143226,192.34361998807736,172373300
2024-06-12,211.6326141357422,218.7145040828182,205.50422428227435,205.97105482418652,198134300
2024-06-13,212.7947235107422,215.2877853731434,210.17253378994005,213.29135046662026,97862700
2024-06-14,211.0565185546875,213.71843162956222,209.874544034183,212.40734441299963,70122700
2024-06-17,215.2083282470703,217.4729460060793,211.28497823555003,211.93058723086708,93728300
2024-06-18,212.8443603515625,217.15509356895643,211.56306955662498,216.12210108008887,79943300
2024-06-20,208.26548767089844,212.79473855973384,207.4411002029893,212.4868170943974,86172500
2024-06-21,206.0902557373047,210.4605668046439,205.71281440805072,208.9706859649803,241805100
2024-06-24,206.73587036132812,211.2651058128792,205.19632375372012,206.3187055335118,80727000
2024-06-25,207.6596221923828,209.95403652001525,207.20271868130445,207.73906917566717,55549700
2024-06-26,211.81138610839844,213.41052543273105,209.21899292189278,210.07319184959564,66213200
2024-06-27,212.65565490722656,214.28459061162127,210.91746067332394,213.2416710401095,49772700
2024-06-28,209.19912719726562,214.6123729638464,208.8812938369491,214.31439376890182,82542700
2024-07-01,215.2877960205078,216.04266357466884,210.49037757076027,210.65922892540738,60402900
2024-07-02,218.78404235839844,218.89330089441245,213.6489214774443,214.69182595520752,58046200
2024-07-03,220.05538940429688,220.05538940429688,217.55238550522975,218.51584293427166,37369800
2024-07-05,224.81307983398438,224.92233836715073,220.15471670620812,220.15471670620812,60412400
2024-07-08,226.28311157226562,226.31290797690275,221.7439339584199,225.55802531049062,59085900
2024-07-09,227.13729858398438,227.85244261706796,224.84288445944628,226.39235814584333,48076100
2024-07-10,231.40829467773438,231.50762613234983,227.70346178953022,227.75312751683794,62627700
2024-07-11,226.03480529785156,230.82228138425162,224.24694518340354,229.82902744909742,64710600
2024-07-12,228.9847412109375,231.07058040656065,227.13728840093884,227.37567478656334,53046500
2024-07-15,232.8187255859375,235.62963615278247,231.51756530413658,234.88469567182594,62631300
2024-07-16,233.23590087890625,234.67611608181264,230.76269307600518,233.41467931591345,43234300
2024-07-17,227.33596801757812,229.89856501704188,225.11107372236052,227.90211488577285,57345900
2024-07-18,222.66763305664062,228.88541164065143,220.7705297877149,228.72648739278685,66034600
2024-07-19,222.79676818847656,225.2699757257536,221.7737179376491,223.30333735062962,49151500
2024-07-22,222.4491424560547,226.24336434241772,221.58500128681854,225.47855462210336,48201800
2024-07-23,223.4920654296875,225.40905343076804,221.17778191166562,222.85638350906987,39960300
2024-07-24,217.06570434570312,223.2834835656707,215.66522784122517,222.48887740092556,61777600
2024-07-25,216.0227813720703,219.36011485373604,213.17213256832727,217.45305415919788,51391200
2024-07-26,216.4896240234375,218.0093012590926,214.55276681781487,217.22462220056258,41601300
2024-07-29,216.76773071289062,217.82057739339885,214.2945231128628,215.49636696784094,36311800
2024-07-30,217.32394409179688,218.84362126060284,214.66201590891492,217.71131248471113,41643800
2024-07-31,220.58181762695312,222.31008478832948,219.14160257039833,219.94613576688096,50036300
2024-08-01,216.88693237304688,222.96564167600837,215.55597572208578,222.8563831356547,62501000
2024-08-02,218.37680053710938,224.0780833133434,216.24131073912352,217.6715836076827,105568600
2024-08-05,207.85824584960938,212.0597055615941,194.6777624827749,197.74691336614487,119548600
2024-08-06,205.83200073242188,208.5733911865651,199.7135682482994,203.91502798694503,69660500
2024-08-07,208.404541015625,212.19876304064402,204.99767225034321,205.5042262843129,63516400
2024-08-08,211.87098693847656,212.7549823030523,207.42121371107248,211.67233918968967,47161100
2024-08-09,214.78123474121094,215.31758519349225,210.5400362270979,210.66916408754707,42201600
2024-08-12,216.31259155273438,218.28150622882862,214.39340008618356,214.8607709437837,38028100
2024-08-13,220.0316925048828,220.64821789171992,217.7843306202791,217.7843306202791,44155300
2024-08-14,220.47914123535156,221.78180736898403,218.47044195323042,219.33558330044798,41960600
2024-08-15,223.46238708496094,224.08886623333987,221.51334927522385,223.34306350370605,46414000
2024-08-16,224.78492736816406,225.56056092969672,222.39834972442236,222.66684293368954,44340200
2024-08-19,224.62582397460938,224.72527040192085,221.791767703572,224.4567771868955,40687800
2024-08-20,225.24234008789062,225.89865006504533,224.18827476461456,224.50649118022673,30299000
2024-08-21,225.1329803466797,226.7041399348782,223.79054452288287,225.25231910261834,34765500
2024-08-22,223.27342224121094,227.06209724349452,222.64694316501192,226.51517227009805,43695300
2024-08-23,225.5705108642578,226.9427926991927,223.07456326985692,224.39712188969804,38677300
2024-08-26,225.90859985351562,226.00804628168004,222.6370187250734,225.49095216733542,30602200
2024-08-27,226.75384521484375,227.5692634267734,223.63141860700006,224.73520717839608,35934600
2024-08-28,225.22247314453125,228.57360836626125,224.41699349604747,226.64446298605537,38052200
2024-08-29,228.5039825439453,231.61647047641185,227.59908685526068,228.81226038667728,51906300
2024-08-30,227.71841430664062,229.11057321557684,226.2069166530855,228.90175696593346,52990800
2024-09-03,221.52330017089844,227.7184305167556,219.93224829880322,227.2709519194148,50190600
2024-09-04,219.61404418945312,220.5388322671096,216.26289369284987,220.4195086889333,43840200
2024-09-05,221.13548278808594,224.2181249188319,220.28029506440387,220.38968006999326,36615400
2024-09-06,219.5841827392578,223.979444280083,218.5400560553227,222.69665529961065,48423000
2024-09-09,219.67369079589844,220.03167667908036,215.49719894103853,219.58419811845144,67180000
2024-09-10,218.87815856933594,220.24048653111632,215.5170698289156,217.69481595725216,51591000
2024-09-11,221.41390991210938,221.84149617822106,216.6706004766808,220.22062862304543,44587100
2024-09-12,221.52330017089844,222.29893378586118,218.58981250678085,221.2548069431359,37455600
2024-09-13,221.25479125976562,222.78616606005667,220.66809680320824,222.32874892129448,36766600
2024-09-16,215.10939025878906,216.00434741371936,212.72281255665072,215.32814508742544,59357400
2024-09-17,215.5767364501953,215.6861214463737,213.2995590231644,214.54256344637628,45519300
2024-09-18,219.45494079589844,221.46364038861367,216.32256023932743,216.33251398665766,59894900
2024-09-19,227.58912658691406,228.53382206057998,223.37286541347208,223.7308512841788,66781300
2024-09-20,226.92288208007812,231.78551472560144,226.34612621296694,228.68298057338347,318679900
2024-09-23,225.20257568359375,228.16589404695566,224.54626569168985,226.06770192621624,54146000
2024-09-24,226.0975341796875,228.06646416724695,224.4667129366972,227.37036953161189,43556100
2024-09-25,225.10311889648438,226.01796830972677,222.76627973963284,223.6711754067507,42308700
2024-09-26,226.2467041015625,227.22121534991766,224.14851196557498,226.02793410267134,36636700
2024-09-27,226.51519775390625,228.2355269704417,226.02794968283968,227.18146154316054,34026000
2024-09-30,231.69601440429688,231.69601440429688,228.36475662569327,228.75257338192353,54541900
2024-10-01,224.94406127929688,228.36479716471428,222.48788299602325,228.23553500528652,63285000
2024-10-02,225.51083374023438,226.09752818761766,221.771881889721,224.62581519597003,32880600
2024-10-03,224.4070587158203,225.5406782135141,222.07021935855937,223.8800260213992,34044200
2024-10-04,225.53073120117188,226.72401244250622,222.87567550784985,226.6245660168141,37245100
2024-10-07,220.44932556152344,224.4269397639463,220.09133967636964,223.24359711098245,39505400
2024-10-08,224.50648498535156,224.7153012256155,222.0005838884303,223.0447106099303,31855700
2024-10-09,228.25538635253906,228.46421777631028,223.57175408478048,223.96950943919006,33591100
2024-10-10,227.75819396972656,228.21562630222516,225.89866409237993,226.50525089558744,28183500
2024-10-11,226.2765350341797,228.12612627842185,226.0677036085129,228.0167412789572,31759200
2024-10-14,230.00555419921875,230.43314046117197,227.32066753158787,227.4200987868959,39882100
2024-10-15,232.541259765625,236.16088782430575,231.06953169102593,232.30259746810793,64751400
2024-10-16,230.4828643798828,230.82095796107367,228.5537189749549,230.30387901574463,34082200
2024-10-17,230.8507843017578,232.5412825211578,229.22991678936268,232.12361966628396,32993800
2024-10-18,233.68484497070312,234.8582339303053,232.70037994861724,234.8582339303053,46431500
2024-10-21,235.1565399169922,235.52447953691794,233.13790198735873,233.13790198735873,36254500
2024-10-22,234.54002380371094,234.89800969153723,231.29827366695753,232.5810475805218,38846600
2024-10-23,229.4685516357422,233.8240439244486,226.48534106504323,232.76997861721128,52287000
2024-10-24,229.27963256835938,229.52823345451665,227.131717270346,228.69292294524882,31109500
2024-10-25,230.1149444580078,231.91481257552053,228.2852454458818,228.4542922398222,38802300
2024-10-28,232.0937957763672,233.4163543943246,231.24856181455635,232.0142568404043,36087100
2024-10-29,232.36228942871094,233.01859945208068,231.01985366097637,231.7954872619061,35417200
2024-10-30,228.81227111816406,232.1634063461827,228.2653461113998,231.30821865562254,47070900
2024-10-31,224.6457061767578,228.5437662121666,224.10871977089283,228.05650301771783,64370100
2024-11-01,221.66250610351562,224.08885327131992,219.03728125399175,219.73336072670745,65276700
2024-11-04,220.76751708984375,221.54315061130296,218.4804011628397,219.75323643771605,44944500
2024-11-05,222.19947814941406,222.6966799421733,219.90240829460964,220.55871830266648,28111300
2024-11-06,221.47354125976562,224.8047989417024,219.95210516998125,221.36415627152132,54561100
2024-11-07,226.20692443847656,226.6046949785728,223.31322152292373,223.37288331058951,42137700
2024-11-08,225.93814086914062,227.63048374280507,225.39061415381417,226.1471868576639,38328800
2024-11-11,223.22042846679688,224.68381119249955,220.50272420052974,223.98696589218596,42005600
2024-11-12,223.22042846679688,224.5743058460154,222.354350392842,223.53899499841924,40398300
2024-11-13,224.1063995361328,225.62950954483912,221.75702475308145,223.00139666804327,48566200
2024-11-14,227.1924591064453,227.83952645793332,223.98695568104733,224.00686988588794,44923900
2024-11-15,223.98695373535156,225.89830725108274,223.26024476090137,225.38064426033654,47923700
2024-11-18,226.99334716796875,228.70560410553932,224.15617317987807,224.23581480372863,44633700
2024-11-19,227.252197265625,229.123737666772,225.63949596937007,225.95804731142948,36211800
2024-11-20,227.9689483642578,228.89475383274825,224.8729502483013,227.0331781982001,35169600
2024-11-21,227.49110412597656,229.12371949855563,224.69375844400457,227.8494838511811,42108300
2024-11-22,228.83502197265625,229.68120098473537,227.0331737980822,227.0331737980822,38168300
2024-11-25,231.82151794433594,232.19981188776785,228.70562083004268,230.41787789282506,90152800
2024-11-26,234.0016632080078,234.50937670519198,232.27945661483375,232.27945661483375,45986200
2024-11-27,233.8722381591797,234.6288260383393,232.75728573526553,233.41431778082386,33498400
2024-11-29,236.2614288330078,236.73926339057397,232.91655654987127,233.75277082313372,28481400
2024-12-02,238.51126098632812,239.70585504150458,236.0922091638524,236.20171450499868,48137100
2024-12-03,241.5574951171875,241.66700046466846,237.82437898500294,238.73028547870095,38861000
2024-12-04,241.91587829589844,243.01093178619982,240.16380790150487,241.7765092325954,44383900
2024-12-05,241.9457244873047,243.43897085315564,241.0398332364883,242.891459337747,40033900
2024-12-06,241.7466278076172,243.52857697582414,240.99005511798387,241.81631992920728,36870600
2024-12-09,245.63902282714844,246.1268220997756,240.66153502923254,240.74117665680967,44649200
2024-12-10,246.65444946289062,247.09247084593116,244.23538234840328,245.77840669680953,36914800
2024-12-11,245.38021850585938,249.67081089954078,245.15124311202538,246.84360125039836,45205800
2024-12-12,246.84359741210938,247.62008434324935,244.57384885559844,245.77840766369866,32777500
2024-12-13,247.0128173828125,248.16758302178013,245.13132757947596,246.70421556592945,33155300
2024-12-16,249.9097137451172,250.2481944775453,246.53497744922532,246.87345818165343,51694800
2024-12-17,252.33872985839844,252.68716009783537,248.655391740455,248.95404406138837,51356400
2024-12-18,246.9331817626953,253.13512753347695,246.62457993830327,251.02467749046986,56774100
2024-12-19,248.66534423828125,250.86540066585474,245.97750369773615,246.3856613682502,60882300
2024-12-20,253.34420776367188,253.85190610745477,244.58382522076937,246.9232356335886,147495300
2024-12-23,254.12069702148438,254.49897581061583,252.30888395267968,253.62294818149482,40858800
2024-12-24,257.0375061035156,257.04744042152294,254.14058909817473,254.3397007808045,23234700
2024-12-26,257.853759765625,258.9289141129315,256.47003399402934,257.0275101814573,27237100
2024-12-27,254.43922424316406,257.53523753189216,251.92061656694878,256.66912911312295,42355300
2024-12-30,251.06448364257812,252.35863351915538,249.6210152068174,251.09434735441482,35557500
