Price,Close,High,Low,Open,Volume
Ticker,AAPL,AAPL,AAPL,AAPL,AAPL
Date,,,,,
2019-01-02,37.53883361816406,37.75990386591102,36.661690828747496,36.81857892364727,148158800
2019-01-03,33.7996826171875,34.63879110815515,33.754517541543954,34.225178108567896,365248800
2019-01-04,35.242557525634766,35.31149481961843,34.18238275669409,34.35590843708306,234428400
2019-01-07,35.16411590576172,35.37805511903299,34.68156932360782,35.347151941896,219111200
2019-01-08,35.83445739746094,36.08880653095804,35.30436992220377,35.55158448343476,164101200
2019-01-09,36.44297409057617,36.732977831914454,35.56821132315945,35.962803426324406,180396400
2019-01-10,36.55946350097656,36.599873395186364,35.860601928696866,36.250442609046516,143122800
2019-01-11,36.200504302978516,36.53567303295215,36.01509258578707,36.3407546036288,108092800
2019-01-14,35.65616989135742,35.95805981203487,35.470758098093015,35.85822297159505,129756800
2019-01-15,36.38594055175781,36.46200517390876,35.66806186445189,35.72035787905168,114843600
2019-01-16,36.8304443359375,37.0538902314347,36.36929065835952,36.38830771618193,122278800
2019-01-17,37.04914855957031,37.47702344864449,36.43110665011492,36.65455262702778,119284800
2019-01-18,37.27734375,37.52931347019117,37.07766641559792,37.43898333384579,135004000
2019-01-22,36.440608978271484,37.2559450474709,36.278965777015756,37.17988043233495,121576000
2019-01-23,36.58798599243164,36.87798981327915,36.06027435955394,36.64265777360124,92522400
2019-01-24,36.29799270629883,36.72111244434335,36.06979517171508,36.633161689049025,101766000
2019-01-25,37.500789642333984,37.588744014533056,36.683077673523904,36.95881602681458,134142000
2019-01-28,37.15373611450195,37.16086705953069,36.52618756203671,37.032502794745874,104768400
2019-01-29,36.768638610839844,37.58873337454473,36.633147058879665,37.14184157601951,166348800
2019-01-30,39.28121566772461,39.495151246226506,38.087921443945866,38.805800046935204,244439200
2019-01-31,39.564090728759766,40.17262217665651,39.117198859839675,39.485646711738674,162958400
2019-02-01,39.58311462402344,40.167873939673896,39.44286422730436,39.687706664776314,130672400
2019-02-04,40.70746612548828,40.80492720687015,39.76376574470043,39.79466892346387,125982000
2019-02-05,41.40394973754883,41.61788896935048,40.96894758319973,41.09017727556035,144406400
2019-02-06,41.41822052001953,41.734372421959264,41.08780672624007,41.51567798996915,112958400
2019-02-07,40.63377380371094,41.34689723690451,40.491147666218886,40.980825176670464,126966800
2019-02-08,40.681514739990234,40.74119655717488,40.20644616383237,40.3425224555041,95280000
2019-02-11,40.447566986083984,40.872504955475414,40.40459781813627,40.83430771106207,83973600
2019-02-12,40.796104431152344,40.822364577465294,40.51201838722743,40.607511484133255,89134000
2019-02-13,40.62661361694336,41.17568718212781,40.564545825038614,40.91547527726699,89960800
2019-02-14,40.774627685546875,40.88444021472851,40.4356353224416,40.514415776518796,87342800
2019-02-15,40.68390655517578,40.98947721171357,40.5239596992294,40.88205065386177,98507200
2019-02-19,40.8056526184082,40.927405863712345,40.46188839172686,40.51440868525233,75891200
2019-02-20,41.06826400756836,41.37622431606571,40.81998917675937,40.86773391621993,104457600
2019-02-21,40.83668899536133,41.149421157459315,40.65525756921384,41.01334849852102,68998800
2019-02-22,41.292667388916016,41.29982891754432,40.913091800855874,40.96083653927457,75652800
2019-02-25,41.59346008300781,41.984972743412,41.52661672459904,41.57675106475054,87493600
2019-02-26,41.61732864379883,41.84889440507273,41.34040411487695,41.469318890580624,68280800
2019-02-27,41.746238708496094,41.7772744208693,41.23536246985703,41.34995418814767,111341600
2019-02-28,41.33562469482422,41.75578701475242,41.280718443538696,41.614938801907854,112861600
2019-03-01,41.77011489868164,41.813084063086116,41.273561690323184,41.60539248308564,103544800
2019-03-04,41.980194091796875,42.43377447154785,41.53138563496045,41.941996852345,109744800
2019-03-05,41.90379333496094,42.01599543236018,41.66745204928598,42.00167238038388,78949600
2019-03-06,41.66269302368164,41.894258816148955,41.52423074056893,41.69850066470656,83241600
2019-03-07,41.18046569824219,41.64359731559196,41.06587759625248,41.50752098479349,99185600
2019-03-08,41.27833938598633,41.31653662922078,40.464278397663925,40.660036537223284,95997600
2019-03-11,42.70830154418945,42.76082182811587,41.860822760998275,41.89424442870704,128044000
2019-03-12,43.18815231323242,43.60831100701947,42.82051026881575,42.970909618139764,129870400
2019-03-13,43.37913131713867,43.758706780166065,43.19053474487729,43.508042432674614,124130000
2019-03-14,43.861366271972656,43.9496978509338,43.58205576514747,43.90194947627824,94318000
2019-03-15,44.431915283203125,44.72077686289961,43.86374689655058,44.1287342938068,156171600
2019-03-18,44.88551330566406,44.97384125151117,44.35314874059598,44.35553834520154,104879200
2019-03-19,44.529808044433594,45.11707887203992,44.384184229156126,44.96429352836273,126585600
2019-03-20,44.918941497802734,45.23644932772603,44.100104748486764,44.45819579299854,124140800
2019-03-21,46.573307037353516,46.8693301940771,45.31282721306185,45.362961547719905,204136800
2019-03-22,45.608848571777344,47.19399759999864,45.54439118481218,46.63298702263183,169630800
2019-03-25,45.0573844909668,45.830858484229445,44.54650829883213,45.71865638029758,175381200
2019-03-26,44.59187698364258,46.0457292118618,44.06429161696405,45.754481573825046,199202000
2019-03-27,44.9929313659668,45.300887958578926,44.534575419245186,45.05977471386228,119393600
2019-03-28,45.0526123046875,45.25314234444775,44.768526260349205,45.107518558807506,83121600
2019-03-29,45.34624481201172,45.37728052318564,45.009638482582474,45.31759870489063,94256000
2019-04-01,45.654212951660156,45.759249910216006,44.97145268625358,45.74970242041629,111448000
2019-04-02,46.31787109375,46.42291168705589,45.60885073162473,45.61839822070278,91062800
2019-04-03,46.6353874206543,46.90992240513501,46.11018435743706,46.13405854856153,93087200
2019-04-04,46.716548919677734,46.87888174561078,46.10779353704933,46.50169215026725,76457200
2019-04-05,47.02928161621094,47.05315580507173,46.773841637621636,46.897980862856144,74106400
2019-04-08,47.76933288574219,47.80036495686794,46.871715930873805,46.89081455147626,103526800
2019-04-09,47.626094818115234,48.42583270446762,47.56163742923543,47.821852946309676,143072800
2019-04-10,47.89347457885742,47.92212433476872,47.31097932542279,47.430342987431864,86781200
2019-04-11,47.494789123535156,47.98418075027225,47.373039528521915,47.94837311723572,83603200
2019-04-12,47.47570037841797,47.778885091039584,46.840688483477834,47.55448083017114,111042800
2019-04-15,47.56163024902344,47.70964362494642,47.27038270494482,47.40645898951596,70146400
2019-04-16,47.56641387939453,48.07251458286473,47.40169146179994,47.616548214497456,102785600
2019-04-17,48.492679595947266,48.55236142338571,47.413631135907046,47.63564578548703,115627200
2019-04-18,48.666954040527344,48.73618336401421,48.347060289936984,48.490294503503264,96783200
2019-04-22,48.8268928527832,48.92477191697205,48.30407949927967,48.42105718399483,77758000
2019-04-23,49.531131744384766,49.59558912565622,48.676487701631046,48.80301286021159,93292000
2019-04-24,49.45474624633789,49.76986437478454,49.42848609874323,49.50249097577655,70162400
2019-04-25,49.005943298339844,49.597986024015086,48.9677460534086,49.37597136789553,74172800
2019-04-26,48.77198791503906,48.93909629580391,48.25156050901197,48.91522210882772,74596400
2019-04-29,48.84599685668945,49.17066615604025,48.66695136754799,48.79586251694633,88818800
2019-04-30,47.90540313720703,48.557127595690886,47.53298916093055,48.47596119423354,186139600
2019-05-01,50.25687026977539,51.400372389710334,49.948910024794905,50.10408494939952,259309200
2019-05-02,49.92981719970703,50.76536281433166,49.68631795761022,50.09453963227768,127985200
2019-05-03,50.550506591796875,50.57199117489854,50.1876400699806,50.34520096477196,83569600
2019-05-06,49.769874572753906,49.85581656042896,48.581013445490704,48.76960644035786,129772400
2019-05-07,48.4282112121582,49.51680691476137,47.943595174750996,49.14916854395511,155054800
2019-05-08,48.43777084350586,49.02026607598343,48.1632358878382,48.19904352807667,105358000
2019-05-09,47.91733932495117,48.146515470937004,46.94810716328086,47.84094484782978,139634400
2019-05-10,47.2535285949707,47.65374175144033,46.196689560280035,47.31104511214,164834800
2019-05-13,44.507164001464844,45.408233843487324,43.81937947354923,44.98406202141917,229722400
2019-05-14,45.21171569824219,45.46094648308268,44.432864467631305,44.67251100012696,146118800
2019-05-15,45.75334930419922,45.95225651173944,44.57908189122812,44.63899356855764,106178800
2019-05-16,45.55202865600586,46.12478391503551,45.25486553934923,45.51128917058567,132125600
2019-05-17,45.29322052001953,45.748547729226715,44.75641066410453,44.79715015909945,131516400
2019-05-20,43.87689971923828,44.178856807213535,43.20349328767014,43.979949669541405,154449200
2019-05-21,44.71805953979492,45.053563335993125,44.26272878013493,44.38734604303017,113459200
2019-05-22,43.8026123046875,44.50477885718109,43.74749460169806,44.253149155342534,118994400
2019-05-23,43.054908752441406,43.2657952724967,42.61156108264993,43.08845912995363,146118800
2019-05-24,42.88956069946289,43.64924013152873,42.805682910338874,43.18432505134615,94858800
2019-05-28,42.712223052978516,43.27778931506044,42.63553802351406,42.87757983293096,111792800
2019-05-29,42.50851058959961,42.98061463428665,42.17779714637082,42.278448268936856,113924800
2019-05-30,42.72900390625,42.95187356410809,42.338378646503465,42.64512610530578,84873600
2019-05-31,41.95493698120117,42.65470469718947,41.935764812126756,42.23292429098691,108174400
2019-06-03,41.530765533447266,42.637931895817616,40.804636470241036,42.08195356453021,161584400
2019-06-04,43.05012512207031,43.095658571768766,41.8231354139418,42.043609898576285,123872000
2019-06-05,43.74509811401367,44.332235335001265,43.40959426492165,44.162084603643216,119093600
2019-06-06,44.387351989746094,44.44726365114498,43.65163503254328,43.87450831444031,90105200
2019-06-07,45.56880569458008,45.99298125786859,44.519155931088335,44.69649209879013,122737600
2019-06-10,46.15114974975586,46.8197622574143,45.92108736949208,45.96662081555493,104883600
2019-06-11,46.68555450439453,46.970734549232446,46.39558416029599,46.697537565980085,107731600
2019-06-12,46.536983489990234,46.96355423391582,46.34526543888805,46.47946697764428,73012800
2019-06-13,46.52738952636719,47.16005645303748,46.39558681154533,46.659195897906244,86698400
2019-06-14,46.189491271972656,46.39318870678023,45.60475292882197,45.9043112065248,75046000
2019-06-17,46.465084075927734,46.72150772045912,46.052891587494855,46.22783260024407,58676400
2019-06-18,47.557861328125,47.99881014156581,46.781408777656715,46.9827110198732,106204000
2019-06-19,47.418880462646484,47.9005725592601,47.284678926559096,47.852640304899516,84496800
2019-06-20,47.79991149902344,48.07550362088287,47.45721496631241,48.01798712160299,86056000
2019-06-21,47.636959075927734,48.133029378756156,47.48598052172473,47.64175303263574,191202400
2019-06-24,47.589027404785156,47.96766951247152,47.490771410564825,47.579439491988516,72881600
2019-06-25,46.86769485473633,47.751987879310825,46.80059043176467,47.55308073051549,84281200
2019-06-26,47.88139724731445,48.16657732114802,47.29426373709572,47.394914882557444,104270000
2019-06-27,47.86702346801758,48.30557727889453,47.82628397608489,47.99882620091607,83598800
2019-06-28,47.43086242675781,47.80950455578012,47.22237102064913,47.612992556266285,124442400
2019-07-01,48.30078125,49.005342959981036,48.08509707895737,48.689007638472184,109012000
2019-07-02,48.583560943603516,48.67942179095116,48.25524622614172,48.26722928914985,67740800
2019-07-03,48.98618698120117,48.993376090273706,48.57399432968822,48.71538501707311,45448000
2019-07-05,48.94303894042969,49.14674007490686,48.6243084269404,48.73215235502716,69062000
2019-07-08,47.934120178222656,48.26483004258469,47.54828895586912,48.123439407842795,101354400
2019-07-09,48.22648620605469,48.29118815938511,47.644143029060785,47.73760506281078,82312000
2019-07-10,48.703392028808594,48.82321536456781,48.303182526178986,48.37268210868142,71588400
2019-07-11,48.34871292114258,48.98137994767097,48.339128663843894,48.722561119993294,80767200
2019-07-12,48.720157623291016,48.8879095226626,48.45654488376627,48.51645653759306,70380800
2019-07-15,49.177894592285156,49.3360586148412,48.88792051361614,48.90948783623042,67789600
2019-07-16,49.00773239135742,49.393563584814785,48.76808577819675,49.02929970892977,67467200
2019-07-17,48.73214340209961,49.14912619568089,48.712971233000175,48.89989531082296,56430000
2019-07-18,49.285736083984375,49.3384586450495,48.81602699178186,48.88792172566321,74162400
2019-07-19,48.55001449584961,49.487033785576166,48.4948967896062,49.31688305319296,83717200
2019-07-22,49.659576416015625,49.66197156596754,48.79445191010135,48.804036166626496,89111600
2019-07-23,50.04779052734375,50.064567543046294,49.67633759968899,49.95672731417016,73420800
2019-07-24,50.007057189941406,50.12208653775661,49.647587278391484,49.76741058224146,59966400
2019-07-25,49.61164474487305,50.14366053862095,49.54214517668298,50.05978275817563,55638400
2019-07-26,49.784202575683594,50.26109712816312,49.64041310512323,49.721892098638975,70475600
2019-07-29,50.24909591674805,50.4791582552203,49.95193648142088,49.95673043716652,86693600
2019-07-30,50.03343200683594,50.364145585133684,49.68115110561913,50.02863804950347,135742800
2019-07-31,51.0543212890625,53.05057834512591,50.63733845360822,51.86432814544622,277125600
2019-08-01,49.94955062866211,52.250159983136925,49.54455085268824,51.26041812620774,216071600
2019-08-02,48.892704010009766,49.47024958006934,48.31994873947202,49.25456908663664,163448400
2019-08-05,46.333282470703125,47.60580559815315,46.15115233297481,47.447641588131205,209572000
2019-08-06,47.21039581298828,47.46681951501449,46.50104003344121,47.04503901922829,143299200
2019-08-07,47.69926452636719,47.82388180019968,46.448312458340716,46.829349729619025,133457600
2019-08-08,48.751312255859375,48.775278381580826,47.78314147822122,47.97725466372589,108038000
2019-08-09,48.34958267211914,48.77536618277326,47.94063258255727,48.42415480097006,98478800
2019-08-12,48.22688674926758,48.60456316105043,47.90694536334614,48.02000749486011,89927600
2019-08-13,50.269229888916016,51.031795643671664,48.22689828437496,48.356801205981334,188874000
2019-08-14,48.77296447753906,49.66062099046996,48.73447445076552,48.87159379466716,146189600
2019-08-15,48.530006408691406,49.34789934560565,48.03205128836314,48.94376504847943,108909600
2019-08-16,49.67505645751953,49.83382507339097,49.03517349339124,49.141019237305535,110481600
2019-08-19,50.601200103759766,51.17372364887826,50.5242200506216,50.66614789415775,97654400
2019-08-20,50.60360336303711,51.322870579192134,50.59398269188871,50.728694111631654,107537200
2019-08-21,51.152061462402344,51.395022811342585,50.90188369412992,51.236257915424524,86141600
2019-08-22,51.10877227783203,51.58507439376936,50.697417947742494,51.28437796466057,89014800
2019-08-23,48.74650573730469,51.010149632314025,48.3519921175975,50.379887338546645,187272000
2019-08-26,49.672645568847656,49.84103483411144,49.328646947098854,49.5210933948049,104174400
2019-08-27,49.112159729003906,50.16820570944712,48.96060751564311,50.00222065112086,103493200
2019-08-28,49.441715240478516,49.487421690431304,48.91008594619143,49.09772024659994,63755200
2019-08-29,50.27885437011719,50.35343017848864,49.71354720510862,50.156171530957906,83962000
2019-08-30,50.21391677856445,50.625267580316546,49.84345659422994,50.55550759970424,84573600
2019-09-03,49.48261260986328,49.790525515438006,49.12658900103214,49.65821832852433,80092000
2019-09-04,50.32215881347656,50.391918783022454,49.87231804590024,50.129712328692484,76752400
2019-09-05,51.306026458740234,51.47201147242179,50.88023929372371,50.99811361359005,95654800
2019-09-06,51.301212310791016,51.580259463018436,51.12079446298009,51.49125449936041,77449200
2019-09-09,51.52012634277344,52.06619212190076,50.774401351657886,51.681299198955934,109237600
2019-09-10,52.128726959228516,52.147971969223995,50.9283492844698,51.445545622135704,127111600
2019-09-11,53.78617858886719,53.81504794626473,52.37651337789359,52.45830560814016,177158400
2019-09-12,53.665897369384766,54.46695317394256,53.610570248885764,54.07725173898349,128906800
2019-09-13,52.621883392333984,53.1126184269581,52.205720496590914,52.922579868861604,159053200
2019-09-16,52.89851379394531,52.95384457916928,52.335610965417004,52.376505238879936,84632400
2019-09-17,53.090965270996094,53.11983462664283,52.71088451204481,52.912955319127846,73274800
2019-09-18,53.58890914916992,53.608154158704124,52.78785352153389,53.177554870423215,101360000
2019-09-19,53.15351104736328,53.82706815074794,53.01157953501138,53.40609312582707,88242400
2019-09-20,52.37650680541992,53.53839827071438,52.313963268360816,53.254542597972154,221652400
2019-09-23,52.61465835571289,52.88408117997222,52.357260452056735,52.66998547056386,76662000
2019-09-24,52.36448669433594,53.52156984690006,52.24661602191957,53.170354738877656,124763200
2019-09-25,53.17035675048828,53.28341892628327,52.23458940465702,52.573775932041976,87613600
2019-09-26,52.8961067199707,53.148692438449224,52.64111675163237,52.92256815087056,75334000
2019-09-27,52.63872528076172,53.15351751274349,52.26826515822796,53.05248026433511,101408000
2019-09-30,53.877593994140625,54.02433402647341,53.11262022326453,53.13908166091836,103909600
2019-10-01,54.02672576904297,54.899949338845005,53.93290863373775,54.142195836042134,139223200
2019-10-02,52.67239761352539,53.78377052329629,52.42462036061147,53.658679771743714,138449200
2019-10-03,53.119834899902344,53.15351275615426,51.75106404471548,52.54489975216936,114426000
2019-10-04,54.60887908935547,54.72434916797866,53.85834193135936,54.27931695765273,138478800
2019-10-07,54.62090301513672,55.31130082468202,54.32742301394374,54.4308644917137,122306000
2019-10-08,53.98101806640625,54.86145803601952,53.96418097616012,54.322612418375925,111820000
2019-10-09,54.61368942260742,54.79651153502603,54.27931513122723,54.61368942260742,74770400
2019-10-10,55.34978485107422,55.433981308262666,54.67863212570055,54.83018060978545,113013600
2019-10-11,56.8220100402832,57.1660050272492,55.88383488648209,56.03779132655972,166795600
2019-10-14,56.7402229309082,57.283884526626984,56.45155503855571,56.506882164192184,96427600
2019-10-15,56.60791015625,57.168405084190226,56.50206442322086,56.86530439737924,87360000
2019-10-16,56.37937927246094,56.58866649343661,56.09792784143595,56.138822117334186,73903200
2019-10-17,56.59828186035156,56.807565391102926,56.17490262842623,56.55257541786321,67585200
2019-10-18,56.870121002197266,57.15157244845404,56.36013730971351,56.432305194279344,97433600
2019-10-21,57.85640335083008,57.971873434702374,57.089029065616195,57.13713976525744,87247200
2019-10-22,57.72410583496094,58.26295159984093,57.642313599410386,58.01277373337686,82293600
2019-10-23,58.49869155883789,58.51312807252894,58.027201555375974,58.2388930421775,75828800
2019-10-24,58.59491729736328,58.8883973453656,58.169130068603984,58.81863370887046,69275200
2019-10-25,59.31658935546875,59.352671463902205,58.426528531534856,58.4938842476848,73477200
2019-10-28,59.91075897216797,59.95886966807034,59.3502603719089,59.518649642872596,96572800
2019-10-29,58.5251579284668,60.07915901187092,58.35196012629603,59.891524694792075,142839600
2019-10-30,58.5179328918457,59.00867154935717,58.024793654786826,58.87876862858786,124522000
2019-10-31,59.840999603271484,59.93962892278996,57.07459217991583,59.47535535189402,139162000
2019-11-01,61.53933334350586,61.56579110685089,59.937221805325485,60.02863102849158,151125200
2019-11-04,61.94346618652344,62.027662657351385,61.43348620261237,61.902568240845305,103272000
2019-11-05,61.854461669921875,62.1094516637506,61.659610964094675,61.83521298667724,79897600
2019-11-06,61.88093185424805,61.941071154321364,61.43109106429535,61.76786967646129,75864400
2019-11-07,62.59510803222656,62.81708830253441,62.27661748219188,62.428624670311265,94940400
2019-11-08,62.76642608642578,62.83880696047028,61.97261480584435,62.41656801426399,69986400
2019-11-11,63.26344680786133,63.32858957982905,62.31762854155338,62.3224514776491,81821200
2019-11-12,63.2055549621582,63.40582100469488,62.954629666270094,63.106629516115106,87388800
2019-11-13,63.8111457824707,63.88594178697908,62.990797519202,63.00527369018679,102734400
2019-11-14,63.36960983276367,63.91007320187958,63.23931692654425,63.63742636766127,89182800
2019-11-15,64.12242126464844,64.1272442022923,63.45890285706975,63.62055594567041,100206400
2019-11-18,64.4457015991211,64.52532052717048,63.75323119595114,64.13203409556279,86703200
2019-11-19,64.25027465820312,64.66286024957508,64.03312473449476,64.63873084399398,76167200
2019-11-20,63.502315521240234,64.19960904465235,62.829144043284764,64.06932349144424,106234400
2019-11-21,63.21760940551758,63.70016814029315,63.017343407159025,63.622956975546195,121395200
2019-11-22,63.162113189697266,63.499902835074955,62.935309992816094,63.35754889035371,65325200
2019-11-25,64.26957702636719,64.28646834745726,63.340650088807934,63.386493752760344,84020400
2019-11-26,63.76774215698242,64.46021293797112,63.335849918680225,64.407131169223,105207600
2019-11-27,64.62428283691406,64.65806549210242,64.01384616231051,64.07898895883437,65235600
2019-11-29,64.48191833496094,64.66287788127046,64.15618967895124,64.3250882008119,46617600
2019-12-02,63.736358642578125,64.7231903726839,63.56505235325846,64.48673394161051,94487200
2019-12-03,62.599945068359375,62.61924418107647,61.8375012589291,62.32488301011455,114430400
2019-12-04,63.15247344970703,63.53128390878051,62.896717851886834,62.99082036067195,67181600
2019-12-05,64.0789794921875,64.15378288001588,63.39133909623157,63.64709466989342,74424400
2019-12-06,65.31675720214844,65.38673030367082,64.49399340218949,64.53742929884113,106075600
2019-12-09,64.40230560302734,65.33846356133417,63.91733161576993,65.14544297190798,128042400
2019-12-10,64.7786865234375,65.16231982994417,64.14652840241263,64.80763886909658,90420400
2019-12-11,65.33120727539062,65.41083358471516,64.78350579892616,64.85830180873923,78756800
2019-12-12,65.49769592285156,65.76310470333209,64.49880315683109,64.60978960566402,137310400
2019-12-13,66.38803100585938,66.42422144624238,65.36983155792407,65.49770935611971,133587600
2019-12-16,67.52444458007812,67.7488400023079,66.82956614230139,66.83438907918607,128186000
2019-12-17,67.65715026855469,67.98528668341874,67.26868664682006,67.45447647762181,114158400
2019-12-18,67.49549865722656,68.01666305761623,67.34590660367515,67.50997483252102,116028400
2019-12-19,67.56306457519531,67.84294960271288,67.30490117644776,67.43760192007254,98369200
2019-12-20,67.423095703125,68.19760028081991,67.21076871731513,68.0962670869402,275978000
2019-12-23,68.52335357666016,68.58367343016074,67.64750812570958,67.68611371554155,98572000
2019-12-24,68.5884780883789,68.73807747033234,68.26275685689335,68.68981865508782,48478800
2019-12-26,69.94932556152344,69.96621689004475,68.69226170080628,68.72121405640601,93121200
2019-12-27,69.92276763916016,70.92890598367917,69.51742001165071,70.24125821645885,146266000
2019-12-30,70.33776092529297,70.62006103458498,68.81770380429288,69.84072600060978,144114400
2019-12-31,70.85169982910156,70.85893791713207,69.85521465174138,69.95414009700069,100805600
2020-01-02,72.46826171875,72.52858156247073,71.22325926076245,71.4765996590847,135480400
2020-01-03,71.76374053955078,72.52376928666806,71.53935243232584,71.696182592324,146322800
2020-01-06,72.33553314208984,72.37413871472036,70.6345169765996,70.88544951706788,118387200
2020-01-07,71.99535369873047,72.60095990158051,71.77578859164102,72.34520436217124,108872000
2020-01-08,73.15351104736328,73.4551103351791,71.69859637747034,71.69859637747034,132079200
2020-01-09,74.70733642578125,74.90035698659045,73.87974991049977,74.13067516689924,170108400
2020-01-10,74.876220703125,75.44082088635776,74.3743628731269,74.94137084294664,140644800
2020-01-13,76.47590637207031,76.50245093143005,75.07407383392189,75.1923057311866,121532000
2020-01-14,75.44322204589844,76.62308154945259,75.32017458987174,76.41316970238127,161954400
2020-01-15,75.11992645263672,76.12364962606802,74.68803427101611,75.24298130114484,121923600
2020-01-16,76.06089782714844,76.1718916266167,75.30086936839069,75.66278838334783,108829200
2020-01-17,76.90298461914062,76.90539240608445,76.00300982033474,76.30943200280402,137816400
2020-01-21,76.3818130493164,76.97294309653658,76.24428203921465,76.53140508279039,110843200
2020-01-22,76.65447235107422,77.2069969045426,76.56036984576589,76.86679204908404,101832400
2020-01-23,77.02362823486328,77.10324719984139,76.15984382890906,76.70755279875391,104472000
2020-01-24,76.80162811279297,78.01284778014684,76.61101536754971,77.26971063356069,146537600
2020-01-27,74.54325866699219,75.223660842835,73.56124993820636,74.81107521306389,161940000
2020-01-28,76.65203857421875,76.82334485387435,75.32500212699546,75.42392754574348,162234000
2020-01-29,78.25655364990234,79.103446634538,77.54236874294361,78.28309821074268,216229200
2020-01-30,78.14315032958984,78.19623208684209,76.90780110255082,77.33969324731856,126743200
2020-01-31,74.67838287353516,77.85602816826189,74.38402173692818,77.43378925544725,199588400
2020-02-03,74.47329711914062,75.63867332859459,72.91945726436026,73.42131515382538,173788400
2020-02-04,76.93192291259766,77.1225356625265,75.67244439973094,76.07779194419663,136616400
2020-02-05,77.55925750732422,78.35789164403798,76.95605907395962,78.0587002140709,118826800
2020-02-06,78.4664535522461,78.46886870193435,77.27212521509354,77.82947991175031,105425600
2020-02-07,77.39990234375,78.21494247737544,76.90894303407646,77.96583518982163,117684000
2020-02-10,77.76750183105469,77.76750183105469,75.90524599878522,75.98505390529154,109348800
2020-02-11,77.2983169555664,78.33586413946524,77.08065162389036,78.26331148915241,94323200
2020-02-12,79.13397979736328,79.13881418044723,77.74816513747918,77.74816513747918,113730400
2020-02-13,78.57044982910156,78.89695147104912,78.20283748467311,78.40599225770488,94747600
2020-02-14,78.5898208618164,78.8389281598991,78.08193011775062,78.53902662089303,80113600
2020-02-18,77.15079498291016,77.33218399932765,76.08906106405882,76.27045008047632,152531200
2020-02-19,78.26813507080078,78.49789739964547,77.39263210107522,77.39263210107522,93984000
2020-02-20,77.4651870727539,78.51724467318775,76.95971731481961,78.0287063254119,100566000
2020-02-21,75.71176147460938,77.5014720805536,75.09504186089677,77.05887881173565,129554000
2020-02-24,72.1154556274414,73.5665681916406,69.95088381428839,71.89295583414537,222195200
2020-02-25,69.67274475097656,73.16751029900408,69.20113761805875,72.78538725578525,230673600
2020-02-26,70.77798461914062,72.04287320574078,69.29059633111234,69.2978515957081,198054800
2020-02-27,66.15137481689453,69.16969127505396,66.01593824961232,67.9846176209649,320605600
2020-02-28,66.11265563964844,67.33401260273769,62.0035927413547,62.21884455259078,426510000
2020-03-02,72.2677993774414,72.90387135222704,67.16714131154524,68.26998589980724,341397200
2020-03-03,69.9726333618164,73.52301950606079,69.12130946491573,73.44321158109558,319475600
2020-03-04,73.21826934814453,73.37789254779408,70.89407525882817,71.69460475808327,219178400
2020-03-05,70.84327697753906,72.44674921835322,70.47807816844045,71.47208614770814,187572800
2020-03-06,69.90249633789062,70.33541356546097,68.01605333738418,68.20227675514613,226176800
2020-03-09,64.37374877929688,67.25662042749718,63.6070747073531,63.78846370366684,286744800
2020-03-10,69.01007080078125,69.27610956176522,65.14769283388654,67.02688819681089,285290000
2020-03-11,66.61329650878906,68.01362169576068,65.74988307252373,67.08733175658426,255598800
2020-03-12,60.03492736816406,65.30004700639003,59.979302435498994,61.89960811199781,418474000
2020-03-13,67.22760009765625,67.69921444547847,61.17646208174082,64.06417921518192,370732000
2020-03-16,58.5789680480957,62.65900596438449,58.044473563602175,58.51608417323279,322423600
2020-03-17,61.15470504760742,62.30349851090025,57.65752303606562,59.86079519838787,324056000
2020-03-18,59.65763473510742,60.4630023695136,57.34794730651824,57.98885734585637,300233600
2020-03-19,59.200538635253906,61.14986537455913,58.6757201816232,59.83177257079482,271857200
2020-03-20,55.44215774536133,60.905593927619734,55.142259915533515,59.780979833542105,401693200
2020-03-23,54.26432800292969,55.26317786918558,51.42015002405914,55.16160047962253,336752800
2020-03-24,59.70842361450195,59.904323146252956,56.66592497733461,57.16413951249609,287531200
2020-03-25,59.3795051574707,62.45828014038061,59.08444541685393,60.644390107262105,303602000
2020-03-26,62.504241943359375,62.56228407124869,59.582668850990856,59.62136606316325,252087200
2020-03-27,59.916412353515625,61.88266649068296,59.74953389267951,61.128089475112816,204216800
2020-03-30,61.62630081176758,61.79801733681127,60.317880748707644,60.64196519805995,167976400
2020-03-31,61.50055694580078,63.483743042720086,60.94671736808354,61.81738623520394,197002000
2020-04-01,58.264564514160156,60.15342798886396,57.83406826188775,59.61651626922201,176218400
2020-04-02,59.2368049621582,59.290012694130326,57.29473381628088,58.12670523580675,165934000
2020-04-03,58.3854866027832,59.423029959454176,57.795367188954444,58.72166070290784,129880000
2020-04-06,63.4788932800293,63.63367471849766,60.313051558292024,60.68066393279939,201820400
2020-04-07,62.74365997314453,65.71118861311454,62.639665388856514,65.49351591759843,202887200
2020-04-08,64.34956359863281,64.66396824725281,63.17900080091498,63.544192303076315,168895200
2020-04-09,64.81391143798828,65.31696770263731,64.01822371729881,64.98563166236876,161834800
2020-04-13,66.0860595703125,66.19489592354667,64.29151446730144,64.89131008954301,131022800
2020-04-14,69.42362213134766,69.71384751910844,67.24695386535642,67.71856827528313,194994800
2020-04-15,68.78997039794922,69.2494877739681,67.87093564591146,68.29901107744294,131154400
2020-04-16,69.33654022216797,69.70173905002567,68.28690358299804,69.50341866796147,157125200
2020-04-17,68.39573669433594,69.39942831156146,66.95913534892303,68.85284047730217,215250000
2020-04-20,66.97608184814453,68.12487900696708,66.95673693299449,67.22277564592211,130015200
2020-04-21,64.90581512451172,67.05346190215134,64.19476970811112,66.81886518475746,180991600
2020-04-22,66.77534484863281,67.21067553657838,65.8321234375921,66.1731282940646,116862400
2020-04-23,66.51657104492188,68.14181716571889,66.47787383005301,66.71972588742912,124814400
2020-04-24,68.43687438964844,68.44655053818545,66.99301736634283,67.04139072828913,126161200
2020-04-27,68.4852294921875,68.81656552903699,67.7064658092128,68.1538860746012,117087600
2020-04-28,67.37513732910156,69.1285646001926,67.28323975471295,68.94717557214871,112004800
2020-04-29,69.58808135986328,70.05727484881541,68.65937052894684,68.86252533126566,137280800
2020-04-30,71.05611419677734,71.23266881272234,69.73802523358442,70.1274034083595,183064000
2020-05-01,69.91217041015625,72.31375937660403,69.13340655240944,69.23014589148127,240616800
2020-05-04,70.90133666992188,71.02951794095532,69.24706979478302,69.93634950460861,133568000
2020-05-05,71.96549224853516,72.79746385447393,71.21574945029819,71.36086215007607,147751200
2020-05-06,72.70796203613281,73.33919216211522,72.28230018886588,72.6668439519477,142333600
2020-05-07,73.46012878417969,73.80598277550787,73.03205337405477,73.33436839325711,115215200
2020-05-08,75.20858764648438,75.26193940487305,73.79234971555809,74.11973516927421,133838400
2020-05-11,76.39203643798828,76.88674476777591,74.50775467946016,74.71631428574544,145946400
2020-05-12,75.5190200805664,77.52697546648025,75.39776671813026,77.07590910984447,162301200
2020-05-13,74.60718536376953,76.61999543008798,73.53045501521297,75.69846552238357,200622400
2020-05-14,75.06553649902344,75.1261631825109,73.12305519185568,73.84572792328466,158929200
2020-05-15,74.62173461914062,74.6678114842192,72.80293436830361,72.83688885866347,166348400
2020-05-18,76.37989044189453,76.75335274546299,75.25466346328726,75.94580887810514,135178400
2020-05-19,75.93856811523438,77.24324822854166,75.90704105325906,76.39690202959888,101729600
2020-05-20,77.41539764404297,77.4857192413937,76.7581993186441,76.79700126927659,111504800
2020-05-21,76.83824920654297,77.81797834459402,76.60058997680626,77.27718574052247,102688800
2020-05-22,77.33296966552734,77.41542106029263,76.4744938248148,76.57634250040586,81803200
2020-05-26,76.80913543701172,78.63035538202438,76.75335624215153,78.45090282570622,125522000
2020-05-27,77.14379119873047,77.289296677021,75.92641041182232,76.6660601761675,112945200
2020-05-28,77.17777252197266,78.43638313567678,76.54240602656661,76.81885987080895,133560800
2020-05-29,77.10258483886719,77.88102931454405,76.74609967511876,77.42026804049199,153532400
2020-06-01,78.05077362060547,78.17202695622836,76.92553911368113,77.05649478835441,80791200
2020-06-02,78.412109375,78.43636152325215,77.34265402331467,77.78401795906733,87642800
2020-06-03,78.84378051757812,79.10569190926654,78.15990981793529,78.73222950297175,104491200
2020-06-04,78.16473388671875,78.96500275556176,77.79127162759188,78.66672435570743,87560400
2020-06-05,80.3909683227539,80.45159499569716,78.38544064604918,78.41454026494723,137250400
2020-06-08,80.86627960205078,80.90023409134206,79.37729235859877,80.08783519139197,95654400
2020-06-09,83.41986846923828,83.81272809723069,80.51464324949785,80.5461703012507,147712400
2020-06-10,85.56608581542969,86.03412209428994,83.92916515663609,84.3681018078995,166651600
2020-06-11,81.4579849243164,85.13438674688165,81.35613627237949,84.71000009547407,201662400
2020-06-12,82.16127014160156,84.34383052506377,81.05059266944424,83.59691311681682,200146000
2020-06-15,83.17738342285156,83.82972713796804,80.65288740054817,80.81537017078598,138808800
2020-06-16,85.38175964355469,85.65337337676685,83.596913801037,85.23140666668927,165428800
2020-06-17,85.262939453125,86.18688949305373,85.14168608934729,86.12626281116486,114406400
2020-06-18,85.29688262939453,85.71399444147255,84.6881884557675,85.21927871070163,96820400
2020-06-19,84.80943298339844,86.46817771918761,83.7011757246082,86.00256905688693,264476000
2020-06-22,87.02836608886719,87.17144413379616,85.15621433033841,85.20229118895983,135445200
2020-06-23,88.885986328125,90.30465209700697,87.85290534963454,88.27244463261384,212155600
2020-06-24,87.31695556640625,89.43404157028371,86.94349320290961,88.51493917080266,192623200
2020-06-25,88.47614288330078,88.51494484309887,86.71312185164297,87.47216900112456,137522400
2020-06-26,85.75765991210938,88.59256430342103,85.60972695188423,88.37188228126114,205256800
2020-06-29,87.73406982421875,87.82865098546023,85.18774958467372,85.66548805897895,130646000
2020-06-30,88.46646118164062,88.75262477682146,87.30243171900806,87.32182900307377,140223200
2020-07-01,88.29913330078125,89.08728027497217,88.25063638895476,88.54406749791374,110737200
2020-07-02,88.29913330078125,89.84148015095647,88.18516222766544,89.20611362049299,114041600
2020-07-06,90.66114807128906,91.12918431282668,89.69596856221894,89.72749562317448,118655600
2020-07-07,90.37982940673828,91.81789246963082,90.26827838855647,91.03944797633464,112424400
2020-07-08,92.48477172851562,92.51629878115334,91.26981088874352,91.35711714225694,117092000
2020-07-09,92.88248443603516,93.430544491857,91.83485381849374,93.3771927270549,125642800
2020-07-10,93.04497528076172,93.10318192525366,91.86639619002682,92.47751045180962,90257200
2020-07-13,92.6157455444336,96.95904193877826,92.40233843929651,94.3496671725953,191649200
2020-07-14,94.14836120605469,94.33993613472713,91.0636762626478,91.99732096254738,170989200
2020-07-15,94.79586029052734,96.27272509234513,93.59787669220981,96.02294350650172,153198000
2020-07-16,93.6294174194336,94.48546583387535,93.0304255327924,93.66821938221526,110577600
2020-07-17,93.44025421142578,94.23567587629981,92.96736319511449,94.08047543961847,92186800
2020-07-20,95.4094009399414,95.54763152313923,93.18319140296002,93.52755414344499,90318000
2020-07-21,94.09260559082031,96.27516602978264,93.84282396994556,96.19998954005356,103433200
2020-07-22,94.35693359375,95.03837684731691,93.70701739615949,93.79431625820118,89001600
2020-07-23,90.06214141845703,94.1677781639269,89.25216991066098,94.09017424204148,197004400
2020-07-24,89.83902740478516,90.1833901651154,86.47303332227233,88.26031386604993,185438800
2020-07-27,91.9682388305664,92.06039256097253,90.67810880703217,90.90121082733599,121214000
2020-07-28,90.45742797851562,91.71603836365466,90.45257310797918,91.53900580557185,103625600
2020-07-29,92.19134521484375,92.37565266958501,90.9036352682461,90.94000979201954,90329200
2020-07-30,93.306884765625,93.41116087548794,90.95699413710133,91.3644036366013,158130000
2020-07-31,103.07504272460938,103.2253956841153,97.80294239807122,99.80120250061277,374336800
2020-08-03,105.67230224609375,108.29137183717285,104.6586259422002,104.95690446853536,308151200
2020-08-04,106.37799835205078,107.4692785886528,105.13878516833616,105.86145785594432,173071600
2020-08-05,106.7635726928711,107.08368330710017,105.63349060376568,106.09910671543679,121776800
2020-08-06,110.48847198486328,110.98318771588607,106.50651618913851,107.09580568303383,202428800
2020-08-07,107.9764175415039,110.46659247547346,107.17956185919601,110.00985676474956,198045600
2020-08-10,109.54586029052734,110.56379606115887,106.8953408360196,109.42195650024055,212403600
2020-08-11,106.28795623779297,109.30774713507189,106.02800448544856,108.80971510575287,187902400
2020-08-12,109.82038116455078,110.07790114888351,107.18443792191327,107.37879010908718,165598000
2020-08-13,111.7639389038086,112.7672986221406,110.71198742895228,111.20030714999548,210082000
2020-08-14,111.66432189941406,111.75420996900903,109.85438662016135,111.58900987277718,165565200
2020-08-17,111.37279510498047,112.81102657552061,110.74600296555394,112.78673069729702,119561600
2020-08-18,112.30082702636719,112.7259788863913,110.78971554731912,111.12497934318773,105633600
2020-08-19,112.44173431396484,113.8556697465018,112.34699003787868,112.70897411610314,145538000
2020-08-20,114.93679809570312,115.05098206254263,112.46605456390462,112.48306242183136,126907200
2020-08-21,120.85975646972656,121.34321254794537,115.88426180533297,115.89640603696287,338054800
2020-08-24,122.30525970458984,125.15013843519527,120.43945211980873,125.06509916365437,345937600
2020-08-25,121.3019027709961,121.64688641801345,119.57943117585931,121.1780064067377,211495600
2020-08-26,122.95149993896484,123.40823574071352,121.5521404466388,122.61866792136692,163022400
2020-08-27,121.48168182373047,123.88682518833696,120.33741060365348,123.55399319873169,155552400
2020-08-28,121.284912109375,122.87376022104301,121.06140041082597,122.45589632606433,187630000
2020-08-31,125.39794158935547,127.30262866474355,122.44374970807395,123.97915723775616,225702700
2020-09-01,130.39285278320312,130.99536378403553,126.84587750534726,129.01293310588505,151948100
2020-09-02,127.69132232666016,134.0856082760273,123.41551513511692,133.70661634235924,200119000
2020-09-03,117.4682388305664,125.20357217596391,117.09896674971186,123.32805227415068,257599600
2020-09-04,117.54597473144531,120.2086377778789,107.76019481550104,116.68109504759579,332607200
2020-09-08,109.63573455810547,115.63158886854931,109.49968655275791,110.73383843385653,231366600
2020-09-09,114.00873565673828,115.77736730217215,112.0068798970881,113.95043148169943,176940500
2020-09-10,110.28682708740234,117.09897712734502,109.32477117698187,116.9629291163385,182274400
2020-09-11,108.83888244628906,111.97772133616776,106.89533097403391,111.33634579157453,180860300
2020-09-14,112.10405731201172,112.6579692235783,109.61631362694925,111.4821213907461,140150100
2020-09-15,112.27896881103516,115.47611185461919,110.40344135428404,114.99022398928534,184642000
2020-09-16,108.9652099609375,112.72598470596552,108.87775370396636,111.97772065587975,154679000
2020-09-17,107.22572326660156,109.03322659577087,105.64173160246284,106.6232270995851,178011000
2020-09-18,103.82450866699219,107.7504832499777,103.09567691699868,107.28403508185545,287104900
2020-09-21,106.97306823730469,107.0799641548333,100.1900707538578,101.58943010037062,195713800
2020-09-22,108.65423583984375,109.67460326412942,106.07903623256472,109.49968334608216,183055400
2020-09-23,104.09661102294922,108.94576947432667,103.75648361182957,108.469601478443,150718700
2020-09-24,105.16557312011719,107.13827671141094,102.03645401086756,102.20165410941537,167743300
2020-09-25,109.1109619140625,109.26644956700453,104.63107585698657,105.36962738034248,149981400
2020-09-28,111.71532440185547,112.06516421823142,109.59685325338319,111.76391614848642,137672400
2020-09-29,110.86990356445312,112.05547129194501,110.36458338283204,111.3169269814266,99382200
2020-09-30,112.54134368896484,113.95042293050288,110.41315990508242,110.57835999800264,142675200
2020-10-01,113.49371337890625,114.3974653033048,112.56080936244035,114.31972144841713,116120400
2020-10-02,109.83010864257812,112.11378793231448,109.05269237323236,109.70378044500065,144712000
2020-10-05,113.21186065673828,113.35762848374344,110.34512551989539,110.69496533908391,106243800
2020-10-06,109.96614074707031,112.84259590260606,109.08182130955358,112.43444447771981,161498200
2020-10-07,111.83197021484375,112.28870606536778,110.90877867904413,111.38495419907133,96849000
2020-10-08,111.72503662109375,113.11467595976994,111.35575716560415,112.96890814386926,83477200
2020-10-09,113.66861724853516,113.69776933647424,111.67647388000671,112.02631376339767,100506900
2020-10-12,120.88890075683594,121.64688463034302,115.91340641347355,116.67139028698064,240226800
2020-10-13,117.68205261230469,121.85097185102632,116.27298061147238,121.73435608129198,262330500
2020-10-14,117.76950073242188,119.55756448106015,116.24381316344193,117.58486097492064,150712000
2020-10-15,117.30304718017578,117.77921521072741,114.81530369020432,115.36921555833267,112559200
2020-10-16,115.66073608398438,118.11933473782237,115.45666408455465,117.85695115708421,115393800
2020-10-19,112.7065658569336,117.02124557068035,112.39559788284319,116.57422957130423,120639300
2020-10-20,114.19338989257812,115.62190167444083,112.36644642665874,112.9203584018645,124423700
2020-10-21,113.57144165039062,115.35950558309032,113.16329017526478,113.37708203983998,89946000
2020-10-22,112.4830551147461,114.7084227103753,111.35579156521386,114.13507110113078,101988000
2020-10-23,111.7930908203125,113.26047437917072,111.05453912383231,113.10498668978074,82572600
2020-10-26,111.80279541015625,113.26045893616059,109.69403654118432,110.79214780910604,111850700
2020-10-27,113.30905151367188,113.96985932342135,111.30719583151641,112.23037983284465,92276800
2020-10-28,108.06147003173828,112.17208508150478,107.96429393091981,111.80281293277008,143937800
2020-10-29,112.065185546875,113.62974518620118,109.03324236591982,109.19844988747217,146129200
2020-10-30,105.78750610351562,108.8291614562022,104.67968236923052,107.92540973464747,190272600
2020-11-02,105.70003509521484,107.55613016138878,104.29096335624901,106.03044267436084,122866900
2020-11-03,107.32290649414062,108.34326649090318,105.66117100164739,106.56492266395703,107624400
2020-11-04,111.70562744140625,112.32756337251364,109.17901179452487,110.91849140042434,138235500
2020-11-05,115.67045593261719,116.24380742886032,113.57142435671982,114.62093643763855,126387100
2020-11-06,115.53905487060547,116.03551019200556,113.04701195376393,115.1788748490344,114457900
2020-11-09,113.23197174072266,118.75144452373826,112.96914288637264,117.30100266982897,154515300
2020-11-10,112.89128112792969,114.46826933414899,111.1001247688642,112.48243288386192,138023400
2020-11-11,116.31782531738281,116.45410805937627,113.34879995040824,114.0788892511671,112295000
2020-11-12,116.04525756835938,117.33021441554035,115.42224863802025,116.44437660987315,103162300
2020-11-13,116.09391784667969,116.49302940870272,114.74081980829087,116.269139549406,81581900
2020-11-16,117.1063003540039,117.77797730868681,115.01337667932356,115.7629315909366,91183000
2020-11-17,116.22047424316406,117.46649204968942,115.80188944001708,116.3762301824057,74271000
2020-11-18,114.89656066894531,116.63904097831926,114.86735829157409,115.46116472095827,76322100
2020-11-19,115.4903793334961,115.89922751370858,113.70895985661822,114.4682514561133,74113000
2020-11-20,114.22490692138672,115.61694422200075,114.176238754997,115.49039807716413,73604300
2020-11-23,110.82755279541016,114.49747245412723,110.73020904206231,114.06915102717399,127959300
2020-11-24,112.11249542236328,112.77444325872074,109.60098679969664,110.88595091749468,113874200
2020-11-25,112.94966888427734,113.6505557267342,112.11249931432629,112.48241594054053,76499200
2020-11-27,113.49479675292969,114.37090528252364,113.13462416571154,113.47533097531714,46691300
2020-11-30,115.88949584960938,117.75852242774822,113.7089574149293,113.86471334319992,169410200
2020-12-01,119.46207427978516,120.19216354656007,116.82401928706074,117.79747164276061,127728200
2020-12-02,119.81251525878906,120.0948173273605,117.68065226704212,118.78065073270163,89004200
2020-12-03,119.67622375488281,120.493920092042,118.96560033409804,120.24082042379452,78967600
2020-12-04,119.00452423095703,119.59833063108366,118.2939009002504,119.34523099491892,78260400
2020-12-07,120.4647216796875,121.26295226566269,119.00454323508524,119.0629479962768,86712000
2020-12-08,121.07798767089844,121.66206495991713,119.82223338247024,121.06825849577237,82225500
2020-12-09,118.54702758789062,122.60632215950014,117.78773593298261,121.2240215863675,115089200
2020-12-10,119.96826171875,120.58154143292921,116.96029761781081,117.30100444410381,81312200
2020-12-11,119.1603012084961,119.50100803270227,117.34967931202699,119.17976698694284,86939800
2020-12-14,118.54702758789062,120.07534750085607,118.31340110026942,119.34525822854418,79184500
2020-12-15,124.4850845336914,124.50455773983639,120.83463820097641,121.0390623043862,157243700
2020-12-16,124.41693878173828,124.9620697049553,123.20012338037756,124.0275637947843,98208600
2020-12-17,125.28330993652344,126.13995272668132,124.64082784390504,125.47799742873109,94359800
2020-12-18,123.29749298095703,125.67271937598677,122.77182775778556,125.53643662481485,192541500
2020-12-21,124.82579803466797,124.90367600970008,120.17269671586064,121.70101669831642,121251600
2020-12-22,128.37889099121094,130.84172406271304,126.20808171972651,128.11605471749206,168904800
2020-12-23,127.48332214355469,128.91428338608608,127.30809300233021,128.65146195480474,88223700
2020-12-24,128.4665069580078,129.91695629713385,127.61960817236115,127.83376887622417,54930100
2020-12-28,133.06121826171875,133.69395641508856,129.96563173528466,130.43289960768968,124486200
2020-12-29,131.2895050048828,135.10543618196706,130.77357648181422,134.38509099699746,121047300
2020-12-30,130.17002868652344,132.37976932791838,129.85851685438772,131.98065036313264,96452100
2020-12-31,129.16738891601562,131.16296911492586,128.2231389904879,130.5204870277971,99116600
2021-01-04,125.97447967529297,130.0629768178639,123.39482930890424,129.97536966603926,143301900
2021-01-05,127.531982421875,128.242613306386,125.0204736671036,125.46826826756664,97664900
2021-01-06,123.23905181884766,127.570918733124,123.02489113823766,124.32932099883892,155088000
2021-01-07,127.44439697265625,128.1355547694855,124.46563475873127,124.95236099901199,109578200
2021-01-08,128.54437255859375,129.1089766459298,126.77268233415623,128.9142743130051,105158200
2021-01-11,125.55586242675781,126.71427293823224,125.08860952298478,125.76029392736588,100384500
2021-01-12,125.38067626953125,126.24704834025822,123.49217617399698,125.08863756905697,91951100
2021-01-13,127.41515350341797,127.96028434017008,125.07887424485143,125.34169563519181,88636800
2021-01-14,125.48773956298828,127.52225130518217,125.34171280576037,127.32756381591491,90221800
2021-01-15,123.76472473144531,126.76295959555424,123.6284420036996,125.36118590805361,111598500
2021-01-19,124.43640899658203,125.2930517717372,123.5700370457831,124.3877334109567,90757300
2021-01-20,128.52490234375,128.97269692470792,125.13729259464834,125.24437293876636,104319500
2021-01-21,133.23641967773438,135.96208925479198,130.0434971272025,130.2479286583061,120150900
2021-01-22,135.37803649902344,136.1373282057296,131.43555118884584,132.66209590266996,114459400
2021-01-25,139.12582397460938,141.23821403300437,132.91519251886263,139.2718507560153,157611700
2021-01-26,139.35940551757812,140.46914031198884,137.6169179490498,139.78772681607,98390600
2021-01-27,138.2886199951172,140.46915831522645,136.68242977361535,139.62224478331817,140843800
2021-01-28,133.45059204101562,138.22051793091006,133.07094618183902,135.8160892048896,142621100
2021-01-29,128.456787109375,133.10988846080656,126.7532453845792,132.22404319902353,177523800
2021-02-01,130.57887268066406,131.78595871131816,127.45408469869479,130.19922693086417,106239800
2021-02-02,131.40631103515625,132.69126014883398,131.03639446508643,132.12665611956461,83305400
2021-02-03,130.3842315673828,132.16565144314657,130.0629904566346,132.1559074116743,89880900
2021-02-04,133.7425994873047,133.75232866214105,131.01693030921246,132.68154013575978,84183100
2021-02-05,133.3282928466797,133.9717351183683,132.45088238594224,133.90349935519643,75693800
2021-02-08,133.47451782226562,133.52326614630692,131.53444758226135,132.61659492201852,71297200
2021-02-09,132.5970916748047,134.4201778248724,132.44111786524098,133.19178552172198,76774200
2021-02-10,131.99264526367188,133.5525022619222,131.0274820724659,133.05529021983176,73046600
2021-02-11,131.7391815185547,132.9675589258699,130.4133074654321,132.4898491628531,64280000
2021-02-12,131.97311401367188,132.1291026544625,130.33527791305684,130.97871989939654,60145100
2021-02-16,129.8478546142578,132.5970843838598,129.4578829220419,132.0901434978276,80576300
2021-02-17,127.55685424804688,128.90223094191285,126.22123614674145,127.95656976954376,97918500
2021-02-18,126.45516204833984,126.73787846259268,124.21287353113004,125.95795008148971,96856700
2021-02-19,126.61115264892578,127.43008573965325,125.56801001534814,126.97187831271118,87668800
2021-02-22,122.8382797241211,126.46493488700048,122.44831544375612,124.79783740249141,103916400
2021-02-23,122.70178985595703,123.53045927947294,115.41923371769597,120.65448673963841,158273000
2021-02-24,122.20458984375,122.40931941932189,119.16288479188184,121.80488184514299,111039900
2021-02-25,117.95398712158203,123.28672920715788,117.51528197921584,121.5513960656033,148199500
2021-02-26,118.21722412109375,121.71713665773981,118.15872464367439,119.51384476967971,164560400
2021-03-01,124.58336639404297,124.71985277897572,119.70883139515851,120.64474122239031,116307900
2021-03-02,121.98035430908203,125.49001767022227,121.87311395477933,125.18779891061432,102260900
2021-03-03,118.99713897705078,122.55555080343935,118.78265825970878,121.67813306792647,112966300
2021-03-04,117.11555480957031,120.49848269972283,115.64345085160187,118.69490655182288,178155000
2021-03-05,118.37319946289062,118.88015523948293,114.61980921267136,117.9442454649468,153766600
2021-03-08,113.4401626586914,117.96372988743823,113.29392514231552,117.89548670485603,154376600
2021-03-09,118.0514907836914,118.99715180961525,115.80920903774101,116.04318464645965,129525800
2021-03-10,116.96934509277344,119.10438636423861,116.4526381350717,118.6364351696504,111943300
2021-03-11,118.89965057373047,120.1182842596345,118.21721868480411,119.46509838909789,103026500
2021-03-12,117.99298858642578,118.12947496626138,116.16991732521446,117.37879987716553,88105100
2021-03-15,120.87870025634766,120.88845140763532,117.39828304156515,118.36344619441722,92403800
2021-03-16,122.41905975341797,124.02765763412758,121.59039037182497,122.54579497339591,115227900
2021-03-17,121.62939453125,122.70179070070945,119.27011403289939,120.93721148152662,111932600
2021-03-18,117.5055160522461,120.08902057387003,117.30078651568779,119.7965455571018,121229700
2021-03-19,116.97909545898438,118.3829639984745,116.67687665204714,116.89135739424152,185549500
2021-03-22,120.29375457763672,120.76171313425421,117.24229884140365,117.31054202279068,111912300
2021-03-23,119.46509552001953,121.1224343178664,119.07513126230569,120.23527288356823,95467100
2021-03-24,117.07656860351562,119.81606211005297,117.05707373778829,119.73806777124454,88530500
2021-03-25,117.56404113769531,118.60719885311322,116.01394245162524,116.54039316706906,98844700
2021-03-26,118.1684799194336,118.4317089821302,115.93594193373995,117.33005928068575,94071200
2021-03-29,118.34394073486328,119.50408225482553,117.70050608807547,118.59741859593674,80819200
2021-03-30,116.89134979248047,117.37880328833072,115.87744562855794,117.09607936818357,85671900
2021-03-31,119.08488464355469,120.42050239594532,118.10997769999379,118.59743117177423,118323800
2021-04-01,119.91354370117188,121.0639340927336,119.41633912027298,120.55698579856444,75089100
2021-04-05,122.74079895019531,122.99427686554803,119.98181021656318,120.7617388309021,88651200
2021-04-06,123.04298400878906,123.9398964627214,122.49703859125606,123.32570786799678,80171300
2021-04-07,124.69059753417969,124.7100924000349,121.99985233123647,122.67254049145967,83466700
2021-04-08,127.0888442993164,127.11809031169274,125.29501945271753,125.71422221404269,88844600
2021-04-09,129.66262817382812,129.70161790758218,126.22120772891054,126.54292881700623,106686700
2021-04-12,127.94678497314453,129.51638565340366,127.3520911781172,129.19466459616936,91420000
2021-04-13,131.0567169189453,131.28095619861375,128.619449864356,129.11666186406666,91266500
2021-04-14,128.7169647216797,131.61243958256816,128.35625390681537,131.55394754511985,87222800
2021-04-15,131.12498474121094,131.61243821608534,130.286564169391,130.46205515581354,89347100
2021-04-16,130.7935333251953,131.29073056509336,129.93561036138595,130.93001971708307,84922400
2021-04-19,131.4564208984375,132.07061690327527,129.9940607923638,130.15979315261126,94264200
2021-04-20,129.76988220214844,132.12915555406386,128.502500021129,131.6319582978669,94812300
2021-04-21,130.1500701904297,130.39379691363274,128.00527800142257,129.0386769276597,68847100
2021-04-22,128.62924194335938,130.7837782500738,128.11254238332913,129.70163080104982,84566500
2021-04-23,130.94947814941406,131.72939162695204,128.843676057911,128.843676057911,78657500
2021-04-26,131.3394775390625,131.67094236224486,130.20858180313348,131.44671790843336,66905100
2021-04-27,131.01776123046875,132.01217061234453,130.744788439507,131.6221988567553,66015800
2021-04-28,130.22808837890625,131.63195694182536,129.74063484322053,130.93976637575503,107760100
2021-04-29,130.13055419921875,133.63048088194913,129.12640139531834,133.04553085743174,151101000
2021-04-30,128.1612548828125,130.20855024381436,127.78104182463377,128.47321732434253,109839500
2021-05-03,129.21412658691406,130.70574751351384,128.52195116516012,128.72667324025528,75135100
2021-05-04,124.64186096191406,128.19052935599137,123.52071640184118,127.89805427494618,137564700
2021-05-05,124.88558197021484,127.17660429874773,124.75883931076572,125.9579706529646,84000900
2021-05-06,126.48442840576172,126.49417211958026,123.93991332667143,124.68084466410176,78128300
2021-05-07,127.15827941894531,128.18365868536526,126.44537767413243,127.78327916566757,78973300
2021-05-10,123.87700653076172,126.50395575349485,123.83794311938117,126.37701270502987,88071200
2021-05-11,122.95903778076172,123.3105935686965,119.89262343355486,120.60551762571262,126142800
2021-05-12,119.89262390136719,121.7187992057643,119.38481447185008,120.50786329646682,112172300
2021-05-13,122.04105377197266,123.19339816893378,121.34769508108849,121.66019487769238,105861300
2021-05-14,124.46292877197266,124.8926187981441,122.90042974578068,123.29105636497444,81918000
2021-05-17,123.31059265136719,123.95512773405065,122.23637496414497,123.84770522027007,74244600
2021-05-18,121.92388916015625,124.01373338582823,121.8555300481234,123.5938109974595,63342900
2021-05-19,121.76762390136719,121.99222918408067,119.98051210138631,120.27348393601976,92612000
2021-05-20,124.32621002197266,124.7266043537825,122.16800708745404,122.29496502221474,76857100
2021-05-21,122.49029541015625,125.00006198160735,122.27545036153188,124.82428034642234,79295400
2021-05-24,124.12113952636719,124.94145621305331,122.98833046928489,123.05668957229345,63092900
2021-05-25,123.92584228515625,125.31256736390405,123.35943397486378,124.82427842870585,72009500
2021-05-26,123.87700653076172,124.40435140852335,123.45708417165065,123.98442904941227,56575900
2021-05-27,122.34379577636719,124.64848475719648,122.14848618161899,123.47661228754039,94625600
2021-05-28,121.68949127197266,122.85160338976284,121.63089988807833,122.62699066719642,71311100
2021-06-01,121.36723327636719,122.4121552577231,121.03520547415292,122.1484865589402,67637100
2021-06-02,122.12894439697266,122.30472600333286,121.14262130905783,121.36722658627286,59278900
2021-06-03,120.64459991455078,121.92389512399187,120.24420548835592,121.75788119387512,76229200
2021-06-04,122.93949127197266,123.20316740239241,120.94730225008668,121.1621472598856,75169300
2021-06-07,122.94927978515625,123.35943444565716,121.90435770211774,123.21294850959707,71057600
2021-06-08,123.76958465576172,125.44928155152503,123.2520074907996,123.63286644051075,74403800
2021-06-09,124.15044403076172,124.75591573650723,123.55474004059155,124.22857085419675,56877900
2021-06-10,123.15435791015625,125.18561069515118,122.98834399182276,124.04302634697638,71186400
2021-06-11,124.36527252197266,124.45316704928787,123.14456900791603,123.56449131477483,53522400
2021-06-14,127.42192840576172,127.4805197980516,124.09185265030386,124.82427485626314,96906500
2021-06-15,126.60163116455078,127.53913823394846,126.35749040598746,126.89460305506064,62746300
2021-06-16,127.09968566894531,127.82234775104462,125.44930649285384,127.31453075007833,91815000
2021-06-17,128.70120239257812,129.44339964312107,126.61135863661735,126.75785199451342,96721700
2021-06-18,127.40240478515625,128.4277839276905,127.18755975119329,127.64654551455347,108953300
2021-06-21,129.1992645263672,129.3066870329964,126.18168897810015,127.24613887941126,79663300
2021-06-22,130.8398895263672,130.93755177411464,128.53520055049577,129.0332571523742,74783600
2021-06-23,130.56646728515625,131.17194646480604,130.10748149302736,130.63483384623305,60214200
2021-06-24,130.28323364257812,131.4844015936428,129.81447281680693,131.2988522960872,68711000
2021-06-25,129.99029541015625,130.7520133222248,129.69732354370646,130.33209840454234,70783700
2021-06-28,131.62115478515625,132.08014056924634,130.22467690249317,130.28326829600795,62111300
2021-06-29,133.13479614257812,133.2910497525751,131.2012061476498,131.64065638724745,64556100
2021-06-30,133.75010681152344,134.18955728568992,132.68564156375015,132.97861351358526,63261400
2021-07-01,134.05279541015625,134.11138680082388,132.5781758729055,133.39850004575504,52485800
2021-07-02,136.67971801757812,136.71877396791402,134.52150795771541,134.66798639792978,78852600
2021-07-06,138.69146728515625,139.79497322979873,136.78717260963688,136.78717260963688,108181800
2021-07-07,141.1817169189453,141.49420932337944,139.31647805419703,140.17584334226723,104911600
2021-07-08,139.88287353515625,140.68364735524526,137.37309975875638,138.2617755637112,105575500
2021-07-09,141.7090606689453,142.2363981441266,139.3067090791504,139.40437134178396,99890800
2021-07-12,141.11331176757812,142.8906630545107,140.62503041198096,142.78324056023274,76299700
2021-07-13,142.2266082763672,144.00395975842287,140.26372237579417,140.6543415426895,100827100
2021-07-14,145.65435791015625,146.06452746184092,144.218809182764,144.62897873444868,127050800
2021-07-15,145.00006103515625,146.48444087501676,143.64263914576114,145.74225840567044,106820300
2021-07-16,142.9590301513672,146.2500420755194,142.46098847923267,144.9805223346472,93251400
2021-07-19,139.11138916015625,140.69343127095988,138.34967125172668,140.38092397459488,121434600
2021-07-20,142.7246856689453,143.6524324995489,139.60946201556987,140.09774354697396,96350000
2021-07-21,141.9922332763672,142.7051348899588,141.24029060622254,142.11919121599766,74993500
2021-07-22,143.3594512939453,144.7266335326549,142.39264856010647,142.51960651840406,77338200
2021-07-23,145.07815551757812,145.23440912929303,143.47659325041192,144.09183253331145,71447400
2021-07-26,145.4981231689453,146.31843249256286,144.23834858516193,144.79499663408214,72434100
2021-07-27,143.3301239013672,145.71293947720633,142.13871611344763,145.62503750180875,104818600
2021-07-28,141.5820770263672,143.52544245138444,139.19926130154866,141.41606313093854,118931200
2021-07-29,142.2266082763672,143.11528401739503,141.19145407304512,141.29887657911624,56699500
2021-07-30,142.4414520263672,142.90043773904355,140.73246710930246,140.99614324026174,70440600
2021-08-02,142.1094207763672,143.50589840764349,141.84574465184807,142.92972994024274,62880000
2021-08-03,143.90631103515625,144.57036666149511,141.77739614243097,142.3926355441965,64786600
2021-08-04,143.5059356689453,144.3262450458141,142.851640220645,143.818442994135,56368300
2021-08-05,143.61334228515625,144.37506017943633,142.74420187239215,143.53521546251628,46397700
2021-08-06,142.9287109375,143.8773972975789,142.42992307824377,143.13410295218878,54126800
2021-08-09,142.87982177734375,143.47641826359128,142.3223546901742,142.9874052395685,48908700
2021-08-10,142.4005889892578,144.46422440880676,142.1071782098756,143.22212723273427,69023100
2021-08-11,142.65487670898438,143.4959796880464,142.33212632967644,142.84070404163072,48493500
2021-08-12,145.61830139160156,145.77478914489808,142.63531888467134,142.97763397957073,72282600
2021-08-13,145.8236846923828,146.15620995558572,145.01192130974562,145.69653653501413,59375000
2021-08-16,147.7992706298828,147.8677396068058,143.25145612128088,145.27596199320675,103296000
2021-08-17,146.88975524902344,148.3470047149868,145.8139204751284,146.92886973012176,92229700
2021-08-18,143.14389038085938,147.4080844695857,142.938498348175,146.50830231259667,86326000
2021-08-19,143.47645568847656,144.74789286728046,141.32480080622992,141.8431535530235,86960300
2021-08-20,144.9336700439453,145.23685570513334,143.55464985258175,144.20015057068707,60549600
2021-08-23,146.42027282714844,146.8897211086949,144.6402584192349,145.05102753102452,60131800
2021-08-24,146.33224487304688,147.54500248159704,145.8725714606484,146.1659822444016,48606400
2021-08-25,145.09991455078125,147.01685176789556,144.5522224668886,146.51804903732258,58991300
2021-08-26,144.2979736328125,145.84325676235127,144.2686340417797,145.09018736118287,48597200
2021-08-27,145.33470153808594,145.48139950095754,143.60359095872263,144.23930202916046,55802400
2021-08-30,149.75534057617188,150.11722035437248,145.344448563989,145.7258781178275,90956700
2021-08-31,148.49368286132812,149.44236923362013,147.96554048732443,149.3054461965621,86453100
2021-09-01,149.1587371826172,151.57446255268852,148.99247455645138,149.4717126602179,80313700
2021-09-02,150.27369689941406,151.32019193818465,149.05116433458483,150.48886382470346,71115500
2021-09-03,150.90943908691406,151.23218950970838,149.7260208700016,150.38129660470707,57808700
2021-09-07,153.24688720703125,153.80435423363667,150.99742455621305,151.56468139327094,82278300
2021-09-08,151.7016143798828,153.58919740809037,150.59644021764143,153.53051823549217,74420200
2021-09-09,150.68447875976562,152.67964530991367,150.56710548729126,152.073273942186,57305700
2021-09-10,145.696533203125,152.0634770377577,145.4324620067416,151.59402874023678,140893200
2021-09-13,146.26376342773438,148.09266692388925,145.481339792054,147.32003309737948,102404300
2021-09-14,144.86520385742188,147.7503924466826,143.6818007748944,147.04621254489265,109296300
2021-09-15,145.75523376464844,146.15622806180076,143.15368066284816,145.2955602871313,83281300
2021-09-16,145.52049255371094,145.69654500672686,143.98499938228917,145.1781923829195,68034100
2021-09-17,142.85049438476562,145.54985605884855,142.55708356060515,145.54985605884855,129868800
2021-09-20,139.79904174804688,141.6572852174671,138.16574008474763,140.64014472255653,123478900
2021-09-21,140.27825927734375,141.42256280767091,139.642548359155,140.7672722677942,75834000
2021-09-22,142.64511108398438,143.21235308306478,140.54234603803783,141.27586560496235,76404300
2021-09-23,143.60357666015625,143.84808318959392,142.43972319227385,143.42752419874412,64838200
2021-09-24,143.6916046142578,144.22952199810462,142.36148841215257,142.4592969995775,53477900
2021-09-27,142.17562866210938,142.7526753188713,140.65970036682202,142.27343722725323,74150700
2021-09-28,138.7916717529297,141.5692619814985,138.57650484135823,140.10222299723426,108972300
2021-09-29,139.69146728515625,141.2758647647725,138.90904343372455,139.33937729818666,74602000
2021-09-30,138.3906707763672,141.20739026450596,138.17550387527373,140.50321039247126,89056700
2021-10-01,139.51544189453125,139.77951316685906,136.0532354539415,138.78192218967357,94639600
2021-10-04,136.08251953125,139.08506612814298,135.23164179626298,138.64494254598642,98322000
2021-10-05,138.00924682617188,139.11442096062234,136.2977013587978,136.42484951189164,80861100
2021-10-06,138.8797149658203,139.02641292068202,135.32947522321794,136.40530997052016,83221100
2021-10-07,140.141357421875,141.05092948182715,139.58389028870607,139.91641559084152,61732700
2021-10-08,139.7599334716797,141.01180577314355,139.42740815611788,140.86510781730598,58773200
2021-10-11,139.67185974121094,141.62791130803356,138.69383395779963,139.14373238450403,64452200
2021-10-12,138.4004364013672,140.10220679881462,137.94076304556515,140.08264210270863,73035900
2021-10-13,137.81365966796875,138.292882900144,136.14122849083293,138.13641006788947,78762700
2021-10-14,140.6010284423828,140.7184017237602,138.40046969110713,138.98729132751163,69907100
2021-10-15,141.6573028564453,141.71598203721894,140.3565262964831,140.61082264449493,67940300
2021-10-18,143.32969665527344,143.61331759603044,140.01418949688554,140.29781043764254,85589200
2021-10-19,145.4911651611328,145.89215946553824,143.32973571996214,143.77961939322623,76378900
2021-10-20,145.98016357421875,146.45940171355207,144.86521446863128,145.43247137126255,58418800
2021-10-21,146.1953125,146.35180023114674,144.62069014862826,145.54003691475097,61421000
2021-10-22,145.4226837158203,146.87993285856993,145.3737794326728,146.40070968480316,58883400
2021-10-25,145.37376403808594,146.08771874126032,144.37617347678713,145.4128785063667,50720600
2021-10-26,146.0388641357422,147.52545305998103,145.73566350958762,146.04863902426567,60893400
2021-10-27,145.5791778564453,146.43983059903536,145.22708789518356,146.07796575011088,56094900
2021-10-28,149.21743774414062,149.804244404835,146.43005760449074,146.5278661763529,100077900
2021-10-29,146.50831604003906,146.64523910016035,143.1928080838573,143.9850068548087,124953200
2021-11-01,145.686767578125,146.4104973070888,144.55225377378474,145.71610716586716,74588300
2021-11-02,146.7234344482422,148.23937742039493,145.383528956519,145.39331876553575,69122000
2021-11-03,148.16116333007812,148.63061162902127,146.52786170952203,147.0853287663622,54511500
2021-11-04,147.64280700683594,149.08049145321388,147.32983153314007,148.24917833275668,60394600
2021-11-05,148.17173767089844,149.07283317887465,146.97680309732056,148.76920495768735,65463900
2021-11-08,147.34898376464844,148.45577097835087,147.07473798616405,148.29905483485294,55020900
2021-11-09,147.71141052246094,148.31866703568528,146.9768202453886,147.11394316596434,56787900
2021-11-10,144.88076782226562,147.04536675115244,144.81221384507222,146.93762626246985,65187100
2021-11-11,144.83177185058594,146.35971678839883,144.64567331029048,145.89938743250096,41000000
2021-11-12,146.90818786621094,147.30975231165456,144.44975081914203,145.38022835120034,63804000
2021-11-15,146.9180145263672,148.7593917575851,146.3597188974358,147.28040751304476,59222800
2021-11-16,147.89749145507812,148.37742909241703,146.2715949157919,146.8592730453793,59256200
2021-11-17,150.33628845214844,151.81525751603942,147.88765526640586,147.8974444188513,88807000
2021-11-18,154.62632751464844,155.40989334552083,149.90536916424182,150.55181209560718,137827700
2021-11-19,157.25125122070312,157.71159552855715,153.31384424629613,154.41082730572364,117305600
2021-11-22,157.71157836914062,162.2954127503928,157.69198511799027,158.35800620438556,117467900
2021-11-23,158.0935516357422,158.47553780293393,155.79183053518273,157.80950182574782,96041900
2021-11-24,158.61270141601562,158.8085891260157,156.35995538782916,157.44714936539495,69463600
2021-11-26,153.5880889892578,157.15329885394945,153.14733793761846,156.2913900038225,76959800
2021-11-29,156.94761657714844,157.8780943084946,155.52739720558188,156.09548196515397,88748200
2021-11-30,161.9036407470703,162.11912167836516,156.63417697403202,156.70274588184037,174048100
2021-12-01,161.38453674316406,166.800912709941,161.14946255292463,164.0388470193993,152052500
2021-12-02,160.3953094482422,160.82627140546424,154.55777460571244,155.47846334245494,136739200
2021-12-03,158.5147247314453,161.57062931064843,156.43828843610964,160.64994078112508,118023100
2021-12-06,161.92323303222656,164.43063118657795,160.90459319122638,160.91438234430973,107497000
2021-12-07,167.6627960205078,168.0545862779941,164.8811524460709,165.6059532134679,120405400
2021-12-08,171.48272705078125,172.34465094582615,167.19271577624858,168.59334210569654,116998900
2021-12-09,170.973388671875,173.11839407886248,170.3465390733042,171.31620335113058,108923700
2021-12-10,175.7628936767578,175.93920304428585,171.1007012965135,171.6100212029294,115402700
2021-12-13,172.12918090820312,178.38788880944355,171.92348907644438,177.39863110924915,153237000
2021-12-14,170.74813842773438,174.08807860568035,168.67170169318734,171.64923389641092,139380400
2021-12-15,175.6160430908203,175.81193083249755,168.76965667141675,171.51212989072832,131063300
2021-12-16,168.72064208984375,177.41819331105674,167.24167279418768,175.5964093375668,150185800
2021-12-17,167.6236572265625,169.90578548213614,166.20345276063674,166.43851201579665,195432700
2021-12-20,166.26219177246094,167.0751397760327,164.01925037100784,164.82239427695404,107499100
2021-12-21,169.43565368652344,169.6413305368034,165.64515876193008,168.03502751462352,91185900
2021-12-22,172.03121948242188,172.24670045723798,168.61292124127107,169.48463429565436,92135300
2021-12-23,172.6580810546875,173.21637678573038,171.66883828957722,172.2369231764139,68356600
2021-12-27,176.6248321533203,176.71297937182496,173.4318194724349,173.4513977796986,74919600
2021-12-28,175.606201171875,177.6042945644057,174.86182193569553,176.45833582983963,79144300
2021-12-29,175.6943817138672,176.9186986453212,174.47985393756576,175.64540604755402,62348900
2021-12-30,174.53858947753906,176.85990415292721,174.4308490078352,175.78249945588863,59773000
2021-12-31,173.9215545654297,175.5474359178977,173.61791144491113,174.43085959378186,64062300
2022-01-03,178.2703399658203,179.12247473962424,174.058701545752,174.17623119236956,104487900
2022-01-04,176.00778198242188,179.18121654083714,175.43969718796814,178.87758836256972,99310400
2022-01-05,171.3259735107422,176.46810345784326,171.05172777585187,175.9196119880626,94537600
2022-01-06,168.4660186767578,171.69821853577403,168.11341478404194,169.15163320557318,96904000
2022-01-07,168.63250732421875,170.56203191509988,167.51593093187975,169.33771503993543,86709100
2022-01-10,168.652099609375,168.95572780142643,164.7146923768041,165.60599864366586,106765600
2022-01-11,171.48272705078125,171.58066343731596,167.3102603634751,168.77944066896987,76138300
2022-01-12,171.92344665527344,173.5395387171234,171.22804314076478,172.5013205493631,74805200
2022-01-13,168.652099609375,172.9910714162829,168.26030924441002,172.16833406776786,84505800
2022-01-14,169.51400756835938,170.20941111487983,167.57467907053888,167.81954242119846,80440800
2022-01-18,166.31118774414062,168.99488045377709,165.92920152184269,167.98604466295757,90956700
2022-01-19,162.81454467773438,167.56489994287205,162.53050974989438,166.50708841129685,94815000
2022-01-20,161.1298828125,166.19365539118294,160.80666137829382,163.54913404663756,91420500
2022-01-21,159.0730438232422,162.91249968467412,158.965303342259,161.04173994454513,122848900
2022-01-24,158.2992706298828,158.96530678454897,151.52145417153005,156.73215398969816,162294600
2022-01-25,156.49705505371094,159.41582185177984,153.79376918824497,155.71348938472497,115798400
2022-01-26,156.40892028808594,161.01234841002858,154.57734716045317,160.14063545703362,108275300
2022-01-27,155.94857788085938,160.47364799025604,155.02788925620197,159.11220830674253,121954600
2022-01-28,166.83033752441406,166.84993078156614,159.45505293330285,162.3052665652414,179935700
2022-01-31,171.18887329101562,171.4043542462614,166.02714940989443,166.66380312140188,115541600
2022-02-01,171.0223846435547,171.2476547749565,168.76963849371157,170.43470653654342,86213900
2022-02-02,172.22706604003906,172.26625254169926,169.7686436179964,171.15946552150538,84914300
2022-02-03,169.34751892089844,172.61890525422228,168.5835463199836,170.89505737911136,89418100
2022-02-04,169.06307983398438,170.74008547588204,167.38607419208668,168.36677539536157,82465400
2022-02-07,168.34719848632812,170.59299800892276,167.65089393875687,169.52403712153145,77251200
2022-02-08,171.4560089111328,171.9659777736799,168.12161553517308,168.41582891603926,74829200
2022-02-09,172.87802124023438,173.2408759269309,171.5246486789991,172.65246413479986,71285000
2022-02-10,168.79830932617188,172.09346641687537,168.23931734555768,170.77933021680633,90865900
2022-02-11,165.38546752929688,169.73978371917386,164.79704076038374,169.00425774018962,98670700
2022-02-14,165.620849609375,166.3073375649639,163.34561528306318,164.1399809862671,86185500
2022-02-15,169.45538330078125,169.61229911156767,166.96440840288716,167.67051458711066,62527400
2022-02-16,169.2200164794922,169.99476394129306,166.7682631690513,168.53352854543166,61177400
2022-02-17,165.620849609375,168.59237351767158,165.21875846241755,167.7293515367512,69589300
2022-02-18,164.07135009765625,167.24881311236203,162.9827709259436,166.54272185911768,82772700
2022-02-22,161.14883422851562,163.47309136847835,159.0206993785114,161.79608567118115,91162800
2022-02-23,156.9808807373047,162.94353209804362,156.66704910552062,162.3453036437316,90009200
2022-02-24,159.59934997558594,159.70722772731528,149.0666116347653,149.63542023803691,141147500
2022-02-25,161.66859436035156,161.93337290276583,157.76539291737205,160.6780765984275,91974200
2022-02-28,161.93336486816406,162.2275781983388,159.29527644930639,159.9131229462421,95056600
2022-03-01,160.05044555664062,163.3848388800103,158.84418717486,161.52149747345592,83474400
2022-03-02,163.3456268310547,164.1301909633288,159.80529409089044,161.2175065361206,79724800
2022-03-03,163.02198791503906,165.6502754224143,162.35511815252505,165.21876441640376,76678400
2022-03-04,160.02099609375,162.35506949161396,158.97165370211016,161.3155287237855,83737200
2022-03-07,156.22572326660156,161.83533601406552,155.97073134624392,160.2073682314536,96418800
2022-03-08,154.40159606933594,159.73661287922712,152.79324673379338,155.754968485403,131148300
2022-03-09,159.80528259277344,160.2564117997747,156.33360638496927,158.36365040568722,91454900
2022-03-10,155.4607696533203,157.29467624132576,152.96978004521466,157.10834060556428,105342000
2022-03-11,151.743896484375,156.20609005481433,151.51833939243923,155.8628386400447,96970100
2022-03-14,147.71324157714844,151.14569651195163,147.20328761828517,148.52722554311967,108732100
2022-03-15,152.09698486328125,152.5677323353664,147.4778893963599,147.9878433779772,92964300
2022-03-16,156.51011657714844,156.9122077008172,151.47912909347468,154.01914186419623,102300200
2022-03-17,157.52023315429688,157.89290442537197,154.58794593498652,155.549028989307,75615400
2022-03-18,160.8153839111328,161.30573452736996,156.67682351294607,157.41234943730183,123511700
2022-03-21,162.18836975097656,163.13965111509174,159.86409772398687,160.3544483255179,95811400
2022-03-22,165.56199645996094,166.1504082464849,161.72745088254396,162.31586266906788,81532000
2022-03-23,166.92515563964844,169.308252341418,164.41454803066404,164.7479978071537,98062700
2022-03-24,170.71067810058594,170.77931940838405,166.9251705809909,167.75875768604743,90131400
2022-03-25,171.34812927246094,171.89731959636083,169.4161465488256,170.52434378661113,80546200
2022-03-28,172.21115112304688,172.33863211398676,168.68062052174977,168.84733794398963,90371900
2022-03-29,175.50631713867188,175.55534023387025,172.93686947046768,173.28012092274494,100589400
2022-03-30,174.33926391601562,176.14375060919454,173.28990640459241,175.1042096873483,92633200
2022-03-31,171.2402801513672,174.5942773022763,171.03432626332767,174.40794163317304,103049300
2022-04-01,170.94606018066406,171.5050671665747,168.62180263029362,170.67146498333403,78751300
2022-04-04,174.99636840820312,175.04540647336353,171.07356262443463,171.20105860098838,76468400
2022-04-05,171.6815643310547,174.85904187741096,171.05391610805626,174.0744778575844,73401800
2022-04-06,168.51390075683594,170.27916603294383,166.8467115933005,169.0336712319797,89058800
2022-04-07,168.81793212890625,170.01438898962488,166.57213259059588,167.85684898260146,77594700
2022-04-08,166.8074951171875,168.46488285345913,165.9346714824091,168.46488285345913,76575500
2022-04-11,162.55125427246094,165.76795361235142,162.3060789266503,165.45413695115786,72246700
2022-04-12,164.42440795898438,166.5917497737201,163.4240882944744,164.7774610779693,79265200
2022-04-13,167.11151123046875,167.73915952284898,163.55157535283024,164.1596054273598,70618900
2022-04-14,162.10011291503906,167.96471752203973,161.85493758758528,167.32725269207126,75329400
2022-04-18,161.8843994140625,163.3848714713772,160.41334720380755,160.75658374094354,69023900
2022-04-19,164.16941833496094,164.58132611655063,160.74677981846057,161.8353590370808,67723800
2022-04-20,164.002685546875,165.62085178233113,162.89450317699752,165.50315744246095,67929800
2022-04-21,163.20831298828125,168.21969736612456,162.70816069883412,165.65026467883652,87227800
2022-04-22,158.66763305664062,164.63029786624585,158.38323630639394,163.24752061254705,84882400
2022-04-25,159.7366180419922,160.0210148088947,155.40192048493418,158.01057433340998,96046400
2022-04-26,153.7739715576172,159.207050342252,153.69551365548884,159.1187908139756,95623200
2022-04-27,153.54840087890625,156.70624511583344,152.38136400484169,152.9011344667558,88063200
2022-04-28,160.48193359375,161.34495538360846,155.86282465033622,156.17665619730724,130216800
2022-04-29,154.6075439453125,162.99254251007733,154.2152694364459,158.71668452045293,131747600
2022-05-02,154.91159057617188,155.17636916422146,150.31209888761785,153.68571389859628,123055300
2022-05-03,156.40223693847656,157.60851029484962,153.30323224685807,155.09790243206862,88966500
2022-05-04,162.81602478027344,163.267138972668,156.18647479117334,156.58856589280018,108256500
2022-05-05,153.7445831298828,160.913508923705,151.95969916146092,160.687951761694,130525300
2022-05-06,154.47132873535156,156.59275954886184,151.42668182783396,153.22400390708842,116124600
2022-05-09,149.34457397460938,153.0472550938576,148.78476058813538,152.16331792415085,131577900
2022-05-10,151.7507781982422,153.94096598283207,150.1989918029188,152.74275136095326,115366700
2022-05-11,143.88381958007812,152.67398849573087,143.20613912417974,150.7588143723003,142689800
2022-05-12,140.01419067382812,143.58918770892123,136.32134136947613,140.22044713133192,182602000
2022-05-13,144.48297119140625,145.45529757679608,140.55440153354604,142.00796811078922,113990900
2022-05-16,142.94093322753906,144.88558508436643,141.60521957217642,142.95076423829784,86643800
2022-05-17,146.57489013671875,147.0954242427805,144.06059381103506,146.20167134886358,78336300
2022-05-18,138.30526733398438,144.72847052072004,137.4016833512006,144.2275834099531,109742900
2022-05-19,134.89724731445312,139.13027811714653,134.1606406090294,137.3820660685117,136095600
2022-05-20,135.13294982910156,138.18741285426975,130.24188557508393,136.60616321771064,137426100
2022-05-23,140.55438232421875,140.7016976717336,135.19187888015,135.32937819993117,117726300
2022-05-24,137.8534698486328,139.43471927603565,134.87758039617586,138.2954308094958,104132700
2022-05-25,138.01060485839844,139.25791446992204,135.86952739968447,135.95791658734237,92482700
2022-05-26,141.21243286132812,141.76243020669472,134.69100793456005,134.93654353419183,90601500
2022-05-27,146.96778869628906,147.00706779846502,142.66600017228808,142.79368348039156,90978500
2022-05-31,146.1820526123047,147.9695587462053,144.21776806233134,146.40795612568894,103718400
2022-06-01,146.0543670654297,149.03025660842948,145.04274685421817,147.2231036462002,74286600
2022-06-02,148.50970458984375,148.5686307144866,144.23738071765732,145.1900596961789,72348100
2022-06-03,142.78384399414062,145.327588805216,141.88027492949882,144.27668941243508,88570300
2022-06-06,143.53028869628906,145.91690250386964,142.3124267340464,144.4043948265017,71598400
2022-06-07,146.0543670654297,146.33918169758047,141.52669111278408,141.77222665254513,67808200
2022-06-08,145.3177947998047,147.19367537745603,144.82672360419159,145.92671828674779,53950200
2022-06-09,140.0927734375,145.3079465173713,139.98473718785118,144.45348753415902,69473000
2022-06-10,134.68115234375,138.24631801246798,134.61239520262438,137.77489399581836,91437900
2022-06-13,129.52490234375,132.78560625742455,129.0927574306163,130.49721341200203,122207100
2022-06-14,130.3892059326172,131.49903152365633,129.1320649915738,130.75260877313121,84784300
2022-06-15,133.01153564453125,134.88743119148035,129.79994084447466,131.89189392813557,91533000
2022-06-16,127.7374038696289,130.0257968459268,126.7356146942801,129.72133518143346,108123900
2022-06-17,129.21063232421875,130.70349274398822,127.49188338256819,127.74724995941777,134520300
2022-06-21,133.44366455078125,134.61241624219525,130.93921376781023,131.03741900238268,81000500
2022-06-22,132.93295288085938,135.29990419534238,131.51866571381353,132.38294065988546,73409200
2022-06-23,135.80084228515625,136.11512007981293,133.20798678744393,134.3767387138988,72433800
2022-06-24,139.1302490234375,139.37578454056782,137.2740011133842,137.4016693916089,89116800
2022-06-27,139.1302490234375,140.9275708071873,138.45256859835,140.15167018072825,70207900
2022-06-28,134.98565673828125,140.85886421961922,134.86780444338007,139.59190709051958,67083400
2022-06-29,136.74366760253906,138.15795490582852,134.22938572393656,135.0052865296894,66242400
2022-06-30,134.27845764160156,135.8989859736656,131.38114169133365,134.79899171123657,98964500
2022-07-01,136.4490203857422,136.5570566364842,133.23742590571564,133.61062978312276,71051600
2022-07-05,139.0320281982422,139.08113829870763,134.48470564577644,135.30971636921956,73353800
2022-07-06,140.3677520751953,141.54631963942614,138.56061414428805,138.82579671678738,74064300
2022-07-07,143.73654174804688,143.93296722465507,140.72135748073458,140.73117350935885,66253700
2022-07-08,144.4141845703125,144.91508669074653,142.41062104747897,142.66597262808202,64547800
2022-07-11,142.28294372558594,144.02133971358117,141.2124122640522,143.06866052706354,63141600
2022-07-12,143.25526428222656,145.79900902596674,142.4597314847581,143.1570440660671,77588800
2022-07-13,142.89190673828125,143.83475507348882,139.58207657696678,140.43655067698472,71185600
2022-07-14,145.8186492919922,146.29007333779407,140.69186596170863,141.5070457617974,78140700
2022-07-15,147.48831176757812,148.16599237248846,145.5534901802815,147.10527685866828,76259900
2022-07-18,144.44366455078125,148.86330457327466,144.08026173602485,148.0481247263253,81420900
2022-07-19,148.303466796875,148.52935529848105,144.28650894193657,145.27846713272842,82982400
2022-07-20,150.30706787109375,150.97493250294357,147.6847494340756,148.4213562417651,64823400
2022-07-21,152.57582092285156,152.7918934399678,149.22671189385298,151.74099392614767,65086600
2022-07-22,151.3383331298828,153.4892275870806,150.67048342815653,152.615121367877,66675400
2022-07-25,150.21865844726562,152.27133221190695,149.56062491925485,151.2597268643066,53623900
2022-07-26,148.89276123046875,150.3561434947877,148.1070444852617,149.54096368293668,55138700
2022-07-27,153.99008178710938,154.52044701167125,149.44277321253915,149.85527117258624,78620700
2022-07-28,154.5400848388672,154.82489948966665,151.65258430440582,154.17668202554245,81378700
2022-07-29,159.60794067382812,160.70795024668809,156.6516977293032,158.3606307359644,101786900
2022-08-01,158.62579345703125,160.66865118760447,158.01687004208316,158.1347223194791,67829400
2022-08-02,157.15257263183594,159.50972297268584,156.77936877558471,157.24097682201486,59907000
2022-08-03,163.16329956054688,163.61507661089456,157.87936937014717,157.96775857743674,82507500
2022-08-04,162.8489990234375,164.20436008201335,161.49363796486168,163.0454244700845,55474100
2022-08-05,162.622802734375,163.1145559751719,160.31155649978248,160.51809946404907,56697000
2022-08-08,162.15072631835938,165.04223808745311,161.49177870542815,163.62598619996888,60276900
2022-08-09,162.1998748779297,163.0850396486981,160.5574209787257,161.31472511427808,63135500
2022-08-10,166.44862365722656,166.54696529007254,164.14720734331007,164.91434111224348,70170500
2022-08-11,165.7110137939453,168.1697800173322,165.41595884571527,167.25511117853088,57149200
2022-08-12,169.26144409179688,169.3302817306664,166.60596501556313,167.0190508772423,68039400
2022-08-15,170.33351135253906,170.53020967215141,168.5238628007137,168.69105712274018,54091700
2022-08-16,170.17613220214844,170.84492444042124,168.82873307006977,169.93025557179138,56377100
2022-08-17,171.6710662841797,173.24466771389544,169.72372757411412,169.92042587693876,79542000
2022-08-18,171.27761840820312,172.01524814296215,170.26460810636993,170.88422188584445,62290100
2022-08-19,168.69102478027344,170.87441022573427,168.48448182965225,170.1761140668042,70346300
2022-08-22,164.8061981201172,167.05842149370653,164.38328250419255,166.89122718275175,69026800
2022-08-23,164.4717559814453,165.92735612503327,163.90132052092278,164.32423603782541,54147100
2022-08-24,164.766845703125,165.33728128422243,163.5079585610888,164.5603177384026,53841500
2022-08-25,167.2255859375,167.3337722378681,165.57330244873228,165.99620298200634,51218200
2022-08-26,160.92132568359375,168.2287866440609,160.8623176958489,167.75670773498427,78961000
2022-08-29,158.71826171875,160.2131805859094,157.18399419307175,158.49204445005722,73314000
2022-08-30,156.28903198242188,159.8788249449609,155.11865676791015,159.45592432505862,77906200
2022-08-31,154.62689208984375,157.93147450788678,154.54820976951913,157.665923552681,87991100
2022-09-01,155.3546905517578,155.8070951296429,152.11894582091065,154.05645479166745,74229900
2022-09-02,153.24012756347656,157.71508462008887,152.41398580114964,157.11514512449315,76957800
2022-09-06,151.9812469482422,154.4990209999667,151.15510515135455,153.88925181756636,73714800
2022-09-07,153.38768005371094,154.08596126340717,151.07643378022465,152.26648324611122,87449600
2022-09-08,151.91241455078125,153.78107082360773,150.1617592438652,152.08943851032333,84923800
2022-09-09,154.77442932128906,155.21701929836195,152.19764682354995,152.90577277832278,68028800
2022-09-12,160.73446655273438,161.5507787814024,156.672594749297,156.95780504262976,104956000
2022-09-13,151.3026580810547,157.89214957569482,150.84040875911936,157.2627059256093,122656600
2022-09-14,152.74838256835938,154.50886749732993,151.07642462426648,152.23695501832623,87965400
2022-09-15,149.8568572998047,152.67953072071606,148.8831956207659,152.09925057054045,90481100
2022-09-16,148.21441650390625,148.85370468985187,145.92284471335466,148.71601438946803,162278800
2022-09-19,151.9320526123047,152.01073491901784,146.64079879810572,146.84732672200167,81474200
2022-09-20,154.31216430664062,155.4727097837978,150.5551772691551,150.86989154639073,107689800
2022-09-21,151.1846160888672,156.121822780707,151.06660011449515,154.74490471552286,101696800
2022-09-22,150.22076416015625,151.92222593073575,148.42094575247768,149.86670127656183,86652500
2022-09-23,147.94886779785156,148.97172290795524,146.10971554201328,148.69634230303134,96029900
2022-09-26,148.2832794189453,151.2337989231627,147.1719122700789,147.19158660210013,93339400
2022-09-27,149.25692749023438,152.16811306913462,147.47678328794686,150.22077457787657,84442700
2022-09-28,147.36862182617188,148.1554300888231,142.451088943501,145.20491035922058,146691400
2022-09-29,140.1300048828125,144.30007793360352,138.35969014393336,143.69030869298015,128138200
2022-09-30,135.9206085205078,140.7397998435746,135.72391020279727,138.9498106360333,124925300
2022-10-03,140.10049438476562,140.71027860420344,135.41900896557823,135.93043653465315,114311700
2022-10-04,143.69029235839844,143.80830832520158,141.88062916042142,142.6379332973476,87830100
2022-10-05,143.98533630371094,144.94918341662517,140.65125008419213,141.69377951288206,79471000
2022-10-06,143.03134155273438,145.1065408456924,142.8248135939426,143.40507882099124,68402200
2022-10-07,137.7794189453125,140.73978304959337,137.1499753994762,140.18900681575843,85925600
2022-10-10,138.10397338867188,139.5497290653031,136.28449546728626,138.10397338867188,74899000
2022-10-11,136.68772888183594,139.0186494867963,135.9402693459634,137.5925530590874,77033700
2022-10-12,136.05828857421875,138.04497594951954,135.88126460377657,136.83526713014228,70433700
2022-10-13,140.63160705566406,141.22170198168052,132.1537703856876,132.76355465182596,113224000
2022-10-14,136.09762573242188,142.1363546632189,135.9107571080086,141.92981170804703,88598000
2022-10-17,140.0611572265625,140.5430657827838,137.95645402263972,138.7432621845146,85250900
2022-10-18,141.37904357910156,144.28038442851894,138.29083411442357,143.09035010046446,99136600
2022-10-19,141.48724365234375,142.55926212019432,139.16616774549112,139.35303637893844,61758300
2022-10-20,141.02499389648438,143.4837601022304,140.29719369702107,140.6611013003117,64522000
2022-10-21,144.8409881591797,145.41142365797057,140.29717849836038,140.51355110159543,86548600
2022-10-24,146.98500061035156,147.7521342563344,143.5919071751024,144.76228197033905,75981900
2022-10-25,149.82736206054688,149.97489702549265,146.89651717711538,147.61447265041116,74732300
2022-10-26,146.88668823242188,149.48314455270017,145.59828223025528,148.47013415168624,88194300
2022-10-27,142.4117431640625,146.5916457586151,141.75279561471663,145.62781359762897,109180200
2022-10-28,153.1713104248047,154.90227649289278,145.3819406077306,145.75566287950778,164762400
2022-10-31,150.81088256835938,151.69604741946125,149.41430514421359,150.6338586024099,97943200
2022-11-01,148.16526794433594,152.88610277414685,146.67034867047332,152.52221012298716,80379300
2022-11-02,142.63795471191406,149.66019092618583,142.60845071578376,146.49329861316923,93604600
2022-11-03,136.58938598632812,140.44472962212055,136.4615253404881,139.7169294177421,97918500
2022-11-04,136.3234100341797,140.54964571240953,132.38285778027205,139.97826383175124,140814800
2022-11-07,136.85537719726562,137.08195474161485,133.65367850914586,135.0722797176196,83374600
2022-11-08,137.42677307128906,139.32808250128076,135.44665078479818,138.32325240295035,89908500
2022-11-09,132.8655548095703,136.49087039963513,132.58971737719733,136.44161049413725,74917800
2022-11-10,144.6871795654297,144.6871795654297,137.4267190059668,139.14086413842483,118854000
2022-11-11,147.4751739501953,147.78056436308594,142.22438595277526,143.65284825618983,93979700
2022-11-14,146.0762481689453,148.04652398997993,145.23887493220099,146.7559957323241,73374100
2022-11-15,147.8101043701172,151.3073474058049,146.35210428518187,149.95771310615612,89868300
2022-11-16,146.57867431640625,147.64262514508096,145.10096733747125,146.91363265596118,64218300
2022-11-17,148.47998046875,149.2286798359038,143.97789320265173,144.25373060276158,80389400
2022-11-18,149.04151916503906,150.4305673318375,147.74114484123723,150.0463641188946,74829600
2022-11-21,145.81028747558594,148.13521403601513,145.52460403537026,147.9283434491039,58724100
2022-11-22,147.94802856445312,148.1844671134609,144.7463298277078,145.92850754073268,51804100
2022-11-23,148.82479858398438,149.57349802080938,147.1204990929822,147.22886486968167,58301400
2022-11-25,145.90875244140625,146.66731271624482,144.93346065947097,146.10577698458263,35195900
2022-11-28,142.07662963867188,144.46066223238503,141.24911717447705,142.98295496117322,69246000
2022-11-29,139.07192993164062,142.65783165746328,138.2641245866872,142.14555568748492,83763800
2022-11-30,145.8299560546875,146.50970358247017,138.46112907886217,139.2984872397453,111380900
2022-12-01,146.10581970214844,146.91364010696918,144.4310880474874,146.00731491776455,71250400
2022-12-02,145.61325073242188,145.80042936443078,143.48534896644694,143.79075438457457,65447400
2022-12-05,144.45079040527344,148.6770258303521,143.60357112015112,145.57384712908555,68826400
2022-12-06,140.7860870361328,145.11084261882044,139.81079492252832,144.88426506871545,64727200
2022-12-07,138.84535217285156,141.23923029830829,137.91932004741116,140.07677467327488,69721100
2022-12-08,140.52993774414062,141.38701807504808,139.00298578220685,140.24425432184734,62128300
2022-12-09,140.0472412109375,143.4065658669265,138.80595753740835,140.22455886029022,76097000
2022-12-12,142.3425750732422,142.352421040337,138.96354439037955,140.5791698825673,70462700
2022-12-13,143.3080291748047,147.7411502710795,142.0963136174533,147.27813419846305,93886200
2022-12-14,141.08160400390625,144.48032672192886,139.06206832067184,143.18979848966035,82291200
2022-12-15,134.47132873535156,139.69256282085553,134.00831270124763,139.01281523751095,98931900
2022-12-16,132.5109100341797,135.60424282446493,131.74250357896327,134.6585187405124,160156900
2022-12-19,130.40272521972656,133.19066784085936,129.36834224245627,133.1020090197244,79592600
2022-12-20,130.33375549316406,131.26963355148135,127.9595693949815,129.43727633927585,77432800
2022-12-21,133.4369354248047,134.7767236692483,130.77706590433928,131.003643429146,85928000
2022-12-22,130.2647705078125,132.56014344596582,128.36346171921937,132.35327292045574,77852100
2022-12-23,129.9003143310547,130.45198927834147,127.71330648144284,128.97428208438834,63814900
2022-12-27,128.09747314453125,129.4569681847138,126.80694496905855,129.42741525184118,69007800
2022-12-28,124.16678619384766,129.08262238361158,123.99931454878694,127.74283419111387,85438400
2022-12-29,127.6837387084961,128.5408039711882,125.8316819463041,126.08781241864538,75703700
2022-12-30,127.99894714355469,128.0186541085182,125.53611015946498,126.50154851054427,77034200
2023-01-03,123.2112045288086,128.9545531314731,122.32457886036785,128.34377240566315,112117500
2023-01-04,124.4820327758789,126.74785308207225,123.22105739420844,125.00415469022626,89113600
2023-01-05,123.16194152832031,125.87107085400619,122.90581107632524,125.24058317585433,80962700
2023-01-06,127.6935806274414,128.35362127262974,123.03388217385093,124.13723942127505,87754700
2023-01-09,128.21572875976562,131.427288863226,127.95959824320164,128.53098019432045,70790800
2023-01-10,128.78709411621094,129.30921608440133,126.21588318349379,128.32407802637962,63896200
2023-01-11,131.50607299804688,131.52576493439358,128.52110615216108,129.29935853420528,69458900
2023-01-12,131.42726135253906,132.26461961526783,129.48653833184324,131.89027740511193,71379600
2023-01-13,132.7571563720703,132.91478201808263,129.70323839862846,130.06773455202415,57809700
2023-01-17,133.91964721679688,135.24957434953774,132.1365500404185,132.82614355724837,63646600
2023-01-18,133.20050048828125,136.54996329562516,133.0231678517452,134.7865730896908,69672800
2023-01-19,133.25961303710938,134.22504400705918,131.78190613060963,132.08729648616435,58280400
2023-01-20,135.82095336914062,135.96873306889344,132.22520615532028,133.26944989272516,80223600
2023-01-23,139.0128173828125,141.18997887668803,135.85051793428082,136.06724948686616,81760300
2023-01-24,140.41172790527344,141.03236969957698,138.21487421828232,138.22472018745663,66435100
2023-01-25,139.75164794921875,140.31316867471608,136.7469746734582,138.79606308722262,65799300
2023-01-26,141.82044982910156,142.10613318815084,139.79105325512376,141.04218251884544,54105100
2023-01-27,143.7611541748047,145.04183634112735,140.95352042033858,141.03233324940567,70555800
2023-01-30,140.8747100830078,143.38681456291806,140.7269454208997,142.80558684927905,64015300
2023-01-31,142.14556884765625,142.19482875871702,140.1654466919342,140.57920288721874,65874500
2023-02-01,143.2686309814453,144.4311017910948,139.21972769926688,141.83033773006647,77663600
2023-02-02,148.5784912109375,148.93312639059383,145.9678670041684,146.68701339404373,118339000
2023-02-03,152.20382690429688,155.0410292646019,145.632957993241,145.8299825944814,154357300
2023-02-06,149.4749755859375,150.82462478693864,148.53909754834626,150.30250288074524,69858300
2023-02-07,152.35157775878906,152.9229595728958,148.4011799958932,148.4011799958932,83322600
2023-02-08,149.6621551513672,152.28262569889247,148.9233016908853,151.5930321421785,64120100
2023-02-09,148.6277618408203,152.0363458567265,148.18445275739066,151.49451696275133,56007100
2023-02-10,148.99281311035156,149.3184067990407,147.22673043469464,147.46352995054943,57450700
2023-02-13,151.7948760986328,152.19938787253557,148.90400724096855,148.93360529625505,62199000
2023-02-14,151.15357971191406,151.7159729836762,148.84484061249728,150.08800434565288,61707600
2023-02-15,153.255126953125,153.4228543120151,150.83785669682248,151.06478017591323,65573800
2023-02-16,151.65676879882812,154.24176636818623,151.3015770289575,151.4594283283723,68167900
2023-02-17,150.5122833251953,150.95626934167754,148.83499445461442,150.31495787953284,59144100
2023-02-21,146.49664306640625,149.27898155177908,146.42758593465936,148.1936690103287,58867200
2023-02-22,146.92088317871094,147.94698436963745,145.19425945136115,146.88140906273446,51011300
2023-02-23,147.4043426513672,148.3317887532872,145.27320688340583,148.0851281966049,48394200
2023-02-24,144.7502899169922,145.22387397766028,143.77350867783375,145.1449407917213,55469600
2023-02-27,145.944091796875,147.17739437262094,145.48036882399748,145.736905394929,44998500
2023-02-28,145.44093322753906,147.08862392793702,144.86867893348426,145.085741426228,50547000
2023-03-01,143.36892700195312,145.2632775762583,143.07293143144543,144.8686268522214,55479000
2023-03-02,143.96096801757812,144.7502847940671,141.97780754659183,142.4514066454644,52238100
2023-03-03,149.01255798339844,149.0914911594904,145.36198515518814,146.0624926286878,70732300
2023-03-06,151.77517700195312,154.2121845297758,151.41012419214647,151.7357028817241,87558000
2023-03-07,149.574951171875,151.9724842932115,149.1112281718285,151.64689058754286,56182000
2023-03-08,150.82797241210938,151.41996369175047,149.80187125635692,150.768776295138,47204800
2023-03-09,148.57839965820312,152.47563214041776,148.22320797307952,151.50872729673264,53833600
2023-03-10,146.51637268066406,148.92378215572674,145.63826168901898,148.2035375357173,68572400
2023-03-13,148.46006774902344,151.09440087745867,145.72706436882507,145.83559562377783,84457100
2023-03-14,150.55172729492188,151.35090505544113,148.0949978910982,149.25922844223368,73695900
2023-03-15,150.9463653564453,151.20288685726504,147.9173671829065,149.1704067412566,77167900
2023-03-16,153.76817321777344,154.3700254849667,149.6144034630521,150.127461556798,76161100
2023-03-17,152.92953491210938,154.64629769155513,152.21915135199143,153.99511025228628,98944600
2023-03-20,155.29745483398438,155.7118577491849,152.0908681263484,152.99859207349292,73641400
2023-03-21,157.15235900878906,157.2707512481165,154.44895412275298,155.21854884327422,73938300
2023-03-22,155.72174072265625,159.97416620924432,155.7020036632039,157.17210596561782,75701800
2023-03-23,156.8070068359375,159.39201912983532,155.57370432805416,156.7083516682842,67622100
2023-03-24,158.10940551757812,158.19819969843707,155.74147036488569,156.73797352277555,59196500
2023-03-27,156.16571044921875,158.62245469903792,155.76118357485748,157.8035399490982,52390300
2023-03-28,155.54412841796875,156.37291926303735,153.89643783944095,155.85986113132142,45992200
2023-03-29,158.62245178222656,158.8987103608656,157.22142183199622,157.241143834068,51305700
2023-03-30,160.1912078857422,160.2997391161816,159.11577163727372,159.37229315696538,49501700
2023-03-31,162.69729614257812,162.7959663866168,159.74724553838644,160.27016471086742,68749800
2023-04-03,163.95030212402344,164.06869434845072,162.0263532022681,162.07568831410026,56976200
2023-04-04,163.41754150390625,164.61137005549932,162.90448337873613,164.37458557847017,46278300
2023-04-05,161.572509765625,162.84528654392068,159.63869962188485,162.53942989245922,51511700
2023-04-06,162.46047973632812,162.75647535534287,159.83600833200663,160.26025717712315,45390100
2023-04-10,159.86563110351562,159.86563110351562,157.94168186492254,159.26377877195932,47716900
2023-04-11,158.6520538330078,160.19121311129285,158.36591919116847,160.1813521100088,47644200
2023-04-12,157.96141052246094,159.89522066020655,157.64567781550258,159.06644488688698,50133100
2023-04-13,163.34848022460938,163.58527977239888,159.26378211877287,159.47098360495934,68445600
2023-04-14,163.00314331054688,164.0983166124722,161.63171143290737,162.39141498863978,49386500
2023-04-17,163.02288818359375,163.18075455042484,161.83892054229136,162.8847588763579,41516200
2023-04-18,164.24632263183594,165.17376867697192,163.43726882906975,163.8812698478859,49923000
2023-04-19,165.39083862304688,165.91375779040226,163.3287449605883,163.5852815705882,47720200
2023-04-20,164.4239044189453,165.62760901810955,163.34846811386117,163.87138723669895,52456400
2023-04-21,162.81568908691406,164.226580111448,162.29276996055185,162.84528714652217,58337300
2023-04-24,163.12155151367188,163.387949114539,161.70078438233358,162.79595779149312,41949600
2023-04-25,161.58236694335938,164.08843103621228,161.5428928319972,162.98339679746925,48714100
2023-04-26,161.572509765625,163.07221001839787,160.625341751742,160.8818632857178,45498800
2023-04-27,166.16038513183594,166.30837541189834,162.98339664348885,162.98339664348885,64902300
2023-04-28,167.41343688964844,167.58117930762924,165.63749302008387,166.23934534853646,55275900
2023-05-01,167.32461547851562,168.17312821243692,166.38730857655852,167.01875886308395,52472900
2023-05-02,166.28866577148438,168.07450075678005,165.3020235951721,167.81796415576136,48425700
2023-05-03,165.21322631835938,168.63687581044152,164.92710671677185,167.23584575291258,65136000
2023-05-04,163.5753936767578,164.8086963510818,162.11516752574818,162.68742177323023,81235400
2023-05-05,171.25148010253906,171.97172463520235,168.4790030974248,168.6960655683585,113453200
2023-05-08,171.18238830566406,171.52771903028287,169.8109565174022,170.17600924259867,55962800
2023-05-09,169.4755096435547,171.22185523763014,169.30778230115573,170.73841026688106,45326900
2023-05-10,171.24159240722656,171.70531537679722,169.60376298512443,170.70881232248743,53724500
2023-05-11,171.4290771484375,172.2578529585823,169.87018071223292,171.52774738748727,49514700
2023-05-12,170.50035095214844,171.97247152405595,168.94917294661113,171.5377460938216,45533100
2023-05-15,170.00633239746094,171.13265951386708,169.41352230428424,171.0832561601379,37266700
2023-05-16,170.00633239746094,171.0634918034888,169.73956634795272,169.92729004665156,42110300
2023-05-17,170.61888122558594,170.85599318757124,168.37610177183038,169.6506388706453,57951600
2023-05-18,172.9506072998047,173.13833101906644,170.51022910097907,170.92519018134206,65496700
2023-05-19,173.05926513671875,174.27450921230027,172.84190244667505,174.27450921230027,55809500
2023-05-22,172.11077880859375,172.61467191708667,171.36977372037438,171.89341610998645,43570900
2023-05-23,169.50244140625,171.300620989034,169.22580071286586,171.05361929309908,50747300
2023-05-24,169.77906799316406,170.35211368921475,168.47490698639612,169.03806296692736,45143500
2023-05-25,170.9153289794922,171.81440385308167,169.6309169197775,170.34228313513364,56058300
2023-05-26,173.32601928710938,173.66195304430255,171.03385143516303,171.24133948884744,54835000
2023-05-30,175.17361450195312,176.84334846181008,174.45237373510062,174.8376957969301,55964400
2023-05-31,175.12420654296875,177.19902686801004,174.64007778024913,175.20324889662425,99625300
2023-06-01,177.93014526367188,177.95978426232014,174.8080400825605,175.56880955803746,68901800
2023-06-02,178.77981567382812,179.59986307293,177.11008187963884,178.8588580217184,61996900
2023-06-05,177.42625427246094,182.7318457046313,175.90471543246178,180.43967788018574,121946500
2023-06-06,177.0607147216797,177.95978950011875,175.30204865399,177.81159450251565,64848400
2023-06-07,175.68739318847656,179.03673595726826,175.19338974130497,176.2999526387169,61944600
2023-06-08,178.40440368652344,178.67115468077665,175.3317017878174,175.76641213704826,50214900
2023-06-09,178.7897186279297,180.04447641965535,178.46367457216073,179.3232356709596,48900000
2023-06-12,181.58575439453125,181.68456110008822,178.7995831921066,179.09598823299092,54274900
2023-06-13,181.1115264892578,181.94144859403625,180.2519653861507,180.6076484418825,54929100
2023-06-14,181.74383544921875,182.1785608236948,179.83698969165084,181.17078973520816,57462900
2023-06-15,183.77915954589844,184.28305271752754,181.5759083620863,181.75375744495216,65433200
2023-06-16,182.7022247314453,184.7474061455162,182.0600263098281,184.49051471623886,101256200
2023-06-20,182.7911376953125,183.86807659469073,182.19834264439277,182.19834264439277,49799100
2023-06-21,181.7537384033203,183.1863452547994,180.40015882951445,182.6824521359612,49515700
2023-06-22,184.7572784423828,184.8066817993699,181.46721386744264,181.53638158238215,51245300
2023-06-23,184.44113159179688,185.3105825386594,182.79116178184807,183.32469398134634,53117000
2023-06-26,183.04803466796875,185.79469252512132,183.00850595123646,184.58932295318664,48088700
2023-06-27,185.8045654296875,186.13060949863421,183.4432296659109,183.66059237854205,50730800
2023-06-28,186.98028564453125,187.6224840299043,185.3500804657921,185.67610944091012,51216800
2023-06-29,187.31619262695312,187.79044671269003,186.67399428172388,186.81231462111722,46347300
2023-06-30,191.64369201660156,192.14757008838143,188.96618679019105,189.33175958026345,85213200
2023-07-03,190.1517791748047,191.5547469022835,189.4601624130482,191.45594020037944,31458200
2023-07-05,189.0353546142578,190.66555990536892,188.33386310926684,189.27248168829453,46920300
2023-07-06,189.5095977783203,189.71708585705593,186.93089921117289,187.56322301313529,45094300
2023-07-07,188.3931121826172,190.35925096234297,187.9584018939785,189.11436793531539,46815000
2023-07-10,186.3479766845703,187.71143099184326,184.79679865953796,186.9901751208951,59922200
2023-07-11,185.82432556152344,187.0296950947768,184.3620796809065,186.8913747422291,46638100
2023-07-12,187.49403381347656,189.40087948911426,186.20962210110736,187.40510175376477,60750200
2023-07-13,188.2548065185547,188.89701997543003,187.5039267878899,188.21529288043007,41342300
2023-07-14,188.4030303955078,188.88714410801785,187.35574553686786,187.94854060692288,41616200
2023-07-17,191.66343688964844,191.9894809296959,189.50957431242833,189.59849130268125,50520200
2023-07-18,191.40658569335938,191.99939590448753,190.1122989773791,191.03115329704877,48288200
2023-07-19,192.7601318359375,195.85258285437448,190.3395031262878,190.7841182449009,80507300
2023-07-20,190.81378173828125,194.11372124075075,190.19133255294633,192.7502668636511,59581200
2023-07-21,189.63803100585938,192.63169045749675,188.93653953192955,191.77212935032986,71951700
2023-07-24,190.43832397460938,192.57242242955687,189.9443205401746,191.09041212625252,45377800
2023-07-25,191.29786682128906,192.1080396126164,190.6062650944163,191.01135149007996,37283200
2023-07-26,192.1673126220703,193.29363971255637,191.00147189498233,191.34726521155525,47471900
2023-07-27,190.9026641845703,194.83492680246852,190.24070147552166,193.66908608151945,47460200
2023-07-28,193.48138427734375,194.27179277672036,191.8116502798051,192.3352927070371,48291400
2023-07-31,194.0939483642578,194.13347708185938,192.91821776612247,193.70862628447964,38824100
2023-08-01,193.26400756835938,194.37057034188453,192.93796352063418,193.88645666636083,35175100
2023-08-02,190.27037048339844,192.83917937620112,189.54912966810338,192.7008590133255,50389300
2023-08-03,188.87722778320312,190.06283273744904,188.40298881666172,189.27243948514172,61235200
2023-08-04,179.80734252929688,185.13269797319032,179.7381748247779,183.29500493096032,115956800
2023-08-07,176.7050323486328,180.93370048918646,175.2230220636036,179.9456936325003,97576100
2023-08-08,177.6436309814453,178.10799539743132,175.45025461361834,177.5349496271552,67823000
2023-08-09,176.0529327392578,178.76006170176663,174.88707688488682,178.70078370635215,60378500
2023-08-10,175.83558654785156,178.58224448237493,175.4700288246158,177.32747151707323,54686900
2023-08-11,175.89495849609375,176.71611347184137,174.66818511712222,175.42998203855163,52036700
2023-08-14,177.54713439941406,177.77467859210861,175.42004228880285,176.07301094207762,43675600
2023-08-15,175.55856323242188,177.56692432110017,175.1628328578025,176.9733287591711,43622600
2023-08-16,174.68795776367188,176.63694575843348,174.61869664349865,175.24198634047178,46964900
2023-08-17,172.1453094482422,175.61789042836233,171.6308479746951,175.251839141336,66062900
2023-08-18,172.63011169433594,173.23361029129558,170.12708024206367,170.46345254957686,61172200
2023-08-21,173.96572875976562,174.25264612165492,171.88812158676677,173.20394701107267,46311900
2023-08-22,175.3408966064453,175.78609702554508,174.37134667878323,175.17271045239184,42038900
2023-08-23,179.18943786621094,179.61486234805133,176.42918310654636,176.61716031274474,52722800
2023-08-24,174.4999542236328,179.16964451815014,174.1338878222112,178.74422007761805,54945800
2023-08-25,176.70620727539062,177.2404448053197,173.9459523611551,175.4893219988908,51449600
2023-08-28,178.26937866210938,178.66510907128173,176.64685983066678,178.17043851174256,43820700
2023-08-29,182.15748596191406,182.92917084382844,177.58673472347547,177.78459993235006,53003900
2023-08-30,185.64981079101562,185.84769104467406,182.77084029246882,182.96870544998342,60813900
2023-08-31,185.86749267578125,187.10416895130786,185.48165028166278,185.8378136528603,60794500
2023-09-01,187.44056701660156,187.8956554579994,186.27313669620688,187.4702460412081,45766500
2023-09-05,187.677978515625,187.95499277883354,185.61025951662367,186.27311615331163,45280000
2023-09-06,180.96035766601562,186.83704535292617,179.5357042757167,186.39182984634905,81755800
2023-09-07,175.66737365722656,176.31045432139675,171.69021887943939,173.31273740579792,112488800
2023-09-08,176.28077697753906,178.3188321743013,175.89493458078306,176.4489782367689,65551300
2023-09-11,177.44818115234375,178.37816399656032,175.44970834431305,178.1506198206809,58953100
2023-09-12,174.4208221435547,178.2100000030001,172.95660168355545,177.57682236385347,90370200
2023-09-13,172.35308837890625,175.41014819975618,172.12552909799857,174.6285604188278,84267900
2023-09-14,173.86680603027344,174.2229694212733,171.72982568427443,172.14534712441645,60895800
2023-09-15,173.1445770263672,174.61870067060727,171.96727382158934,174.5989096220804,109259500
2023-09-18,176.07301330566406,177.46798769380123,174.2921965438023,174.59888982853914,67257600
2023-09-19,177.1613311767578,177.71535981850894,175.2420068848712,175.62784933867275,51826900
2023-09-20,173.6194610595703,177.78457830053213,173.5304088946865,177.3492658362857,58436200
2023-09-21,172.07606506347656,174.42081339229338,172.00681904661934,172.6894667209782,63149100
2023-09-22,172.92691040039062,175.19250979208792,172.19480770645978,172.8081943086496,56725400
2023-09-25,174.2031707763672,175.08368369125543,172.29373473406022,172.3432048049037,46172700
2023-09-26,170.12709045410156,173.3325457352886,169.83028512536117,172.95660640862047,64588900
2023-09-27,168.61337280273438,171.19555331579562,167.24809254140138,170.7800319235512,66921800
2023-09-28,168.87063598632812,170.19634944676713,165.8333515413796,167.53501945328387,56294400
2023-09-29,169.38507080078125,171.22524557281096,168.52433390834895,170.18643455541363,51861100
2023-10-02,171.89801025390625,172.44215085955082,169.10806120104496,169.39497856408786,52164500
2023-10-03,170.56234741210938,171.7792474619828,168.99920223701704,170.4238403043363,49594600
2023-10-04,171.80894470214844,172.35308521759683,169.14761525980057,169.26633133730053,53020300
2023-10-05,173.04562377929688,173.57986123329636,170.83938266052527,171.93755168454948,48527900
2023-10-06,175.59814453125,176.092815045354,171.33407201891083,171.94747372177912,57266700
2023-10-09,177.0821533203125,177.1415113656987,173.92615307401468,174.9253820623563,42390800
2023-10-10,176.48854064941406,177.80436599291428,176.05322819338144,176.20163840129018,43698000
2023-10-11,177.88351440429688,177.9329844734106,175.70696722860302,176.300562769531,47551100
2023-10-12,178.7838134765625,180.39642899359671,177.13160077070958,178.1506358590928,56743100
2023-10-13,176.9436492919922,179.9908063804386,176.24121051823693,179.48624788964275,51427100
2023-10-16,176.81503295898438,177.17119633941073,174.6285826048942,174.86602989056055,52517000
2023-10-17,175.26173400878906,176.51820117592956,172.9367919566193,174.7670635598835,57549400
2023-10-18,173.96572875976562,175.68718764266174,173.24351401125745,173.7085055181981,54764400
2023-10-19,173.5897674560547,175.94438862084118,173.3226411761323,174.16357191493293,59302900
2023-10-20,171.03726196289062,173.55018124096887,170.79981470903,173.44135313663412,64244000
2023-10-23,171.156005859375,172.15523490983713,168.1187215150264,169.08828663709707,55980100
2023-10-24,171.59130859375,171.81885280099095,169.62251453312876,171.20546620053886,43816600
2023-10-25,169.27626037597656,171.21536038795298,168.83104482476435,170.04794519039626,57157000
2023-10-26,165.1111297607422,169.55327657792432,163.90413245355498,168.55403244057868,70625300
2023-10-27,166.4269561767578,167.1590740039346,165.05177269186868,165.13092178908886,58499100
2023-10-30,168.474853515625,169.34547832959018,167.0699912633637,167.21840145454993,51131000
2023-10-31,168.9497833251953,169.07838740239757,166.1103641120373,167.54492077929578,44846000
2023-11-01,172.11566162109375,172.37288485640974,168.3066925856151,169.1773175299865,56934900
2023-11-02,175.6772918701172,175.88504503012373,173.58978171760563,173.64913976332178,77334800
2023-11-03,174.76707458496094,174.9352758328065,171.50226149314057,172.38277434389337,79829200
2023-11-06,177.31959533691406,177.51746053122469,174.3317961816863,174.49998235165765,63841300
2023-11-07,179.88198852539062,180.495375116872,177.06236062659886,177.2701137835187,70530000
2023-11-08,180.9405517578125,181.49458023161168,179.65440560298228,180.40631432840433,49340300
2023-11-09,180.4656982421875,182.1574629246798,179.87208759448916,181.00983881988668,53763500
2023-11-10,184.65609741210938,184.82452025063435,181.8129530168045,182.24883894138773,66133400
2023-11-13,183.07107543945312,184.2895637344097,182.48659891185952,184.0815368898242,43627500
2023-11-14,185.6864013671875,186.35013134634684,184.55706727911962,185.94396348691,60108400
2023-11-15,186.25103759765625,187.72710311138576,186.0231936311185,186.09254599086609,53790500
2023-11-16,187.93515014648438,189.1734556093977,186.88505441646575,187.79646053927942,54412900
2023-11-17,187.91534423828125,188.5988913131576,186.80582731444395,188.47010270019993,50922700
2023-11-20,189.6588592529297,190.11456230851306,188.10355547172335,188.11345647352806,46505100
2023-11-21,188.8564453125,189.72821721009598,187.96487141071046,189.6192457228965,38134500
2023-11-22,189.52017211914062,191.12501116236683,189.04466705374648,189.69849596618437,39617700
2023-11-24,188.19273376464844,189.1140258787283,187.47946852715137,189.0843077535022,24048300
2023-11-27,188.01437377929688,188.88614559455414,187.13270096287798,188.1431623745596,40552600
2023-11-28,188.61866760253906,189.2923135830507,187.62802330816433,188.00447297715706,38415400
2023-11-29,187.5983428955078,190.29289712708973,187.202091144525,189.1140277612682,43014200
2023-11-30,188.1728973388672,188.53944603911236,186.42936866830843,188.06392585220516,48794400
2023-12-01,189.45083618164062,189.76783452208102,187.45963130874318,188.54934617033052,45704800
2023-12-04,187.65774536132812,188.27195511561732,185.6962738498395,188.20260275786183,43389500
2023-12-05,191.6104278564453,192.58125508438908,188.40073472916,188.43046796633192,66628400
2023-12-06,190.52073669433594,192.93789631295678,190.3126947209947,192.63079897005184,41089700
2023-12-07,192.4525146484375,193.1756809137271,191.77886851619465,191.8185027618749,47477700
2023-12-08,193.8790283203125,194.15640755182167,191.8581052152776,192.38314555463674,53406400
2023-12-11,191.3726806640625,191.6797931299085,189.62915193698308,191.30334341541183,60943700
2023-12-12,192.8883819580078,192.8982829604503,189.92634969600132,191.27362671385956,52696900
2023-12-13,196.1079559326172,196.14757505430106,193.02705149757753,193.26479645974607,70404200
2023-12-14,196.256591796875,197.75245962096574,194.3248379535694,196.16743741550002,66831600
2023-12-15,195.72161865234375,196.54384019084355,195.15694409646994,195.6819844119138,128538400
2023-12-18,194.0573272705078,194.79040955452615,192.5713606983871,194.25545312358386,55751900
2023-12-19,195.09751892089844,195.1074199235508,194.0573392330858,194.32481746504553,40714100
2023-12-20,193.0072479248047,195.8305753609382,193.0072479248047,195.05787394759355,52242800
2023-12-21,192.85862731933594,195.236182736706,191.68967428738756,194.26535554386368,46482500
2023-12-22,191.78875732421875,193.58182122700063,191.164646529934,193.35396213687642,37149600
2023-12-26,191.24391174316406,192.0760494430794,191.02596875756228,191.7986702097743,28919300
2023-12-27,191.34298706054688,191.68971869633452,189.302261724516,190.6891731516305,48087700
2023-12-28,191.76895141601562,192.8388492190412,191.36278357008254,192.32370988068791,34049900
2023-12-29,190.728759765625,192.58125990446206,189.9362412446781,192.08593771837442,42672100
2024-01-02,183.90322875976562,186.67703614744315,182.16960103197144,185.39909638597572,82488700
2024-01-03,182.52622985839844,184.1409850600839,181.7138941984477,182.49651173581816,58414500
2024-01-04,180.20811462402344,181.37706768373354,179.18775216816366,180.4458595901839,71983600
2024-01-05,179.48492431640625,181.0501441007679,178.48437903023975,180.28735888479392,62379700
2024-01-08,183.82395935058594,183.86359358874157,179.80194579166277,180.38642231817897,59144500
2024-01-09,183.40789794921875,183.41779895114087,181.0204413910758,182.19931060924736,42841800
2024-01-10,184.4480743408203,184.65610118978807,182.19930742900604,182.62529236075727,46792900
2024-01-11,183.85369873046875,185.3000462697353,181.90212796654464,184.79480792904317,49128400
2024-01-12,184.18060302734375,184.99293868218925,183.45743685571247,184.3192926371913,40477800
2024-01-16,181.9120330810547,182.5361287641061,179.23728115128065,180.45578462721193,65603000
2024-01-17,180.97091674804688,181.2185778549055,178.613193289656,179.57411959355028,47317400
2024-01-18,186.86524963378906,187.37047281337263,184.09144241490495,184.34900450558874,78005800
2024-01-19,189.76783752441406,190.15418823308323,187.0534815615711,187.5587047602819,68903000
2024-01-22,192.0760498046875,193.50258021639056,190.46129453087994,190.50092877344645,60133900
2024-01-23,193.35397338867188,193.91864797179585,192.01661247228014,193.19548176740474,42355600
2024-01-24,192.68031311035156,194.54272920016803,192.52180639716883,193.5917040371039,53631300
2024-01-25,192.3534393310547,194.43379881211092,191.30335858737243,193.3936190715828,54822100
2024-01-26,190.61981201171875,192.9379165033589,190.14430688636483,192.45251037482265,44594000
2024-01-29,189.9362335205078,190.40183756577807,187.80635425336052,190.213612724154,47145600
2024-01-30,186.28077697753906,190.0056098088079,185.71611749758625,189.1536549714469,55859400
2024-01-31,182.67483520507812,185.34958738130655,182.6253150741395,185.29013601531707,55467800
2024-02-01,185.11183166503906,185.2009860420896,182.10027903950464,182.2686867903897,64885400
2024-02-02,184.1112518310547,185.57740118350648,177.57299331125648,178.17728694752884,102551700
2024-02-05,185.9241485595703,187.47946764726828,184.1013663460926,186.38975267397447,69668800
2024-02-06,187.52899169921875,187.53889270164484,185.02266252630227,185.1118168962398,43490800
2024-02-07,187.63796997070312,189.26262627331204,186.8454513829838,188.85645841865113,53439000
2024-02-08,186.55816650390625,187.7667388029894,185.5972401965417,187.61814818475136,40962000
2024-02-09,187.32191467285156,188.45268968737696,186.4787864459619,187.12352087688578,45155200
2024-02-12,185.6356658935547,187.14337102036012,185.27857823550397,186.89539390047275,41781900
2024-02-13,183.54273986816406,184.70328611762721,182.02512109310902,184.26684396147397,56529500
2024-02-14,182.65992736816406,184.0287658151745,180.96377246543662,183.82047352517276,54630500
2024-02-15,182.37229919433594,182.99720639873473,179.8826142837668,182.06480997798818,65434500
2024-02-16,180.8348388671875,183.35429496994237,180.2000180232841,181.9358579237584,49752500
2024-02-20,180.0908966064453,180.95385211869663,178.543521838827,180.31903131312703,53665600
2024-02-21,180.84475708007812,181.41013702999714,179.19818540957374,180.46782702325083,41371400
2024-02-22,182.878173828125,183.463411373256,180.98364000764028,181.99537582737872,52292200
2024-02-23,181.04315185546875,183.54275049121756,180.75548990166286,183.51299444569602,45119700
2024-02-26,179.69415283203125,181.28119739799624,179.18826979539264,180.7654158601022,40867400
2024-02-27,181.15225219726562,182.43180748858953,178.1070858709482,179.6346334198553,54318900
2024-02-28,179.9520263671875,181.6382676787398,178.67247114624934,181.03320292829392,48953900
2024-02-29,179.2874755859375,181.09275646398507,178.07734590919267,179.80327228471162,136682600
2024-03-01,178.20628356933594,179.06923911535185,175.94473341504965,178.0971730296413,73563100
2024-03-04,173.6831817626953,175.46860492728393,172.38376893378626,174.7246735635979,81510100
2024-03-05,168.7434844970703,170.64794717373948,168.24753020204216,169.37830538929336,95132400
2024-03-06,167.75155639648438,169.85441265484894,167.31511424596866,169.67586125903696,68587700
2024-03-07,167.63253784179688,169.34853532264208,167.12666995146384,167.78131806385875,71765100
2024-03-08,169.3485107421875,172.29447979399498,167.5730014302277,167.6325135104144,76267000
2024-03-11,171.3521728515625,172.96898835621417,170.65784001178963,171.540637865641,60139500
2024-03-12,171.8282928466797,172.62182261661565,169.62625492438514,171.74893835615396,59825400
2024-03-13,169.74530029296875,171.78862930722158,169.3782838692582,171.3720295685671,52488700
2024-03-14,171.60018920898438,172.8995870640017,170.65787905831203,171.5109210667292,72913500
2024-03-15,171.22325134277344,171.22325134277344,168.91210257419098,169.7849869531436,121752700
2024-03-18,172.31434631347656,176.27206668827822,172.11596763998543,174.1493830977455,75604200
2024-03-19,174.65524291992188,175.18095319129145,171.62991909909198,172.92931675607417,55215200
2024-03-20,177.22430419921875,177.22430419921875,173.67326966604173,174.29817691484007,53423100
2024-03-21,169.98336791992188,176.05385870042272,169.45765758517675,175.61741650508932,106181300
2024-03-22,170.88601684570312,171.64979072547655,168.6839784855534,170.3702201223851,71160100
2024-03-25,169.4675750732422,170.54875171721093,168.078894077347,169.1898419011277,54288300
2024-03-26,168.3367919921875,170.0329469889122,168.20783904863555,168.62443878704727,57388400
2024-03-27,171.90765380859375,172.19531573949365,168.7335497446837,169.03112531152695,60273300
2024-03-28,170.09246826171875,170.83639964948821,169.13031578937776,170.36028779920613,65672700
2024-04-01,168.65420532226562,169.86433493378763,168.1086526063626,169.80482284392966,46240500
2024-04-02,167.4738311767578,167.96978543762384,166.86876637308836,167.71189467068976,49329500
2024-04-03,168.2772674560547,169.29893197888933,167.21593325359058,167.4242255584593,47691700
2024-04-04,167.45399475097656,170.5289019190824,167.45399475097656,168.9120862737285,53704400
2024-04-05,168.2078399658203,169.01128340394683,167.58293278713433,168.217753601793,42104800
2024-04-08,167.08697509765625,167.83090643391947,166.87868279928273,167.66228381393842,37425500
2024-04-09,168.29708862304688,168.70377468070268,166.98777746600817,167.33493630874918,42373800
2024-04-10,166.42239379882812,167.7217914097351,165.7578169724605,167.4341446269544,49709300
2024-04-11,173.6236572265625,174.040272115757,166.7993370367697,166.97787330186227,91070300
2024-04-12,175.1214599609375,176.9168120397123,172.80039755418966,172.8499808741194,101670900
2024-04-15,171.2926788330078,175.20080068867838,171.10421379905583,173.94107267383276,73531800
2024-04-16,168.00946044921875,172.354009228837,166.9084414489389,170.36027866522625,73711200
2024-04-17,166.64064025878906,169.2691919230274,166.64064025878906,168.23761366668208,50901200
2024-04-18,165.68838500976562,167.27544462394533,165.20235954360626,166.67037984876308,43122900
2024-04-19,163.66490173339844,165.05356757276493,162.7523477339115,164.86511767231858,68149400
2024-04-22,164.4980926513672,165.9066008250168,163.4367584871004,164.18068981978783,48116400
2024-04-23,165.5495147705078,165.69831011966792,163.58554027123327,164.01206877643943,49537800
2024-04-24,167.65237426757812,167.93010742906517,164.86511388137603,165.19243035823263,48251800
2024-04-25,168.5153350830078,169.2295104164757,166.78940883790665,168.15824741627387,50558300
2024-04-26,167.9300994873047,169.95358601606148,167.81106018420974,168.50540819041237,44838400
2024-04-29,172.0961151123047,174.60564226594082,171.69935778865286,171.96716217122307,68169400
2024-04-30,168.9517822265625,173.57407962239418,168.6244505944639,171.92750782528833,65934800
2024-05-01,167.9300994873047,171.31251085120192,167.74163446478235,168.20783263565716,50383100
2024-05-02,171.62991333007812,172.01675700988142,169.50722990892024,171.1141167118999,94214900
2024-05-03,181.89614868164062,185.48685188008113,181.18197349566182,185.13967792136495,163224100
2024-05-06,180.2397003173828,182.70954279745968,178.9601298757301,180.87452115240256,78569700
2024-05-07,180.92408752441406,183.4038585438568,179.85283976309742,181.96559437964424,77305800
2024-05-08,181.26136779785156,181.58869942461462,179.9817973354757,181.3704783401059,45057100
2024-05-09,183.07655334472656,183.16582147443802,180.6364518520254,181.08280763590477,48983000
2024-05-10,181.8151092529297,183.84134031553506,180.9013175850214,183.65261967053823,50759500
2024-05-13,185.02334594726562,185.837821467034,183.37454074079744,184.1890162605658,72044800
2024-05-14,186.1655731201172,187.029714327999,185.0332642686859,186.24503525163803,52393600
2024-05-15,188.4401397705078,189.3638586651008,186.1059869360216,186.64235255391958,70400000
2024-05-16,188.55931091308594,189.81082048816586,188.3805324914181,189.1850657006259,52845200
2024-05-17,188.589111328125,189.52277241007562,187.90376371878457,188.23153932133224,41282900
2024-05-20,189.75120544433594,190.62527366658756,187.73490137733788,188.052749878466,44361300
2024-05-21,191.05238342285156,191.42980957851574,189.6320225414164,189.80087387660714,42309400
2024-05-22,189.6121368408203,191.51919739836646,188.98639727760482,190.97290479885322,34648500
2024-05-23,185.61927795410156,189.71147882549133,185.3709645001415,189.6916095055364,51005900
2024-05-24,188.69834899902344,189.2943073297369,186.77143423967982,187.54618613194728,36327000
2024-05-28,188.7083282470703,191.69801725699202,187.82433281517635,190.21806337750198,52280100
2024-05-29,189.0062713623047,190.95305560689752,188.2315345598267,188.33086600869876,53068000
2024-05-30,189.99951171875,190.88350698979508,189.343975732697,189.4730884200293,49889100
2024-05-31,190.9530792236328,191.27092777465327,188.6288685287447,190.14854591816024,75158300
2024-06-03,192.72105407714844,193.67458449503022,191.22124613590765,191.5986723140291,50080500
2024-06-04,193.03887939453125,194.0023367795345,191.7277771220464,193.3269163239317,47471400
2024-06-05,194.54864501953125,195.571695368637,193.55539107625557,194.0818144537235,54156800
2024-06-06,193.1680145263672,195.17439165110096,192.86010824182844,194.36985841579607,41181800
2024-06-07,195.561767578125,195.61143330627965,192.83031924399432,193.33687329712626,53103900
2024-06-10,191.81716918945312,195.96897795846326,190.8537117900643,195.5716673445734,97010200
2024-06-11,205.75253295898438,205.762475197422,192.32375155853347,192.34360572370616,172373300
2024-06-12,211.63262939453125,218.71451985221412,205.50423909920426,205.97106967477507,198134300
2024-06-13,212.79470825195312,215.28776993558532,210.17251871917932,213.29133517221976,97862700
2024-06-14,211.0565185546875,213.71843162956222,209.874544034183,212.40734441299963,70122700
2024-06-17,215.2083282470703,217.4729460060793,211.28497823555003,211.93058723086708,93728300
2024-06-18,212.8443603515625,217.15509356895643,211.56306955662498,216.12210108008887,79943300
2024-06-20,208.26547241210938,212.79472296910444,207.4410850045998,212.48680152632818,86172500
2024-06-21,206.0902557373047,210.4605668046439,205.71281440805072,208.9706859649803,241805100
2024-06-24,206.73587036132812,211.2651058128792,205.19632375372012,206.3187055335118,80727000
2024-06-25,207.65960693359375,209.95402109263304,207.20270345608853,207.73905391104032,55549700
2024-06-26,211.81138610839844,213.41052543273105,209.21899292189278,210.07319184959564,66213200
2024-06-27,212.65567016601562,214.28460598729217,210.91747580739147,213.24168634094727,49772700
2024-06-28,209.1991424560547,214.61238861747256,208.88130907255572,214.31440940079366,82542700
2024-07-01,215.28778076171875,216.0426482623776,210.4903626519942,210.65921399467373,60402900
2024-07-02,218.78404235839844,218.89330089441245,213.6489214774443,214.69182595520752,58046200
2024-07-03,220.05540466308594,220.05540466308594,217.55240059045883,218.5158580863075,37369800
2024-07-05,224.8131103515625,224.9223688995603,220.15474659142996,220.15474659142996,60412400
2024-07-08,226.28311157226562,226.31290797690275,221.7439339584199,225.55802531049062,59085900
2024-07-09,227.1372833251953,227.85242731023644,224.84286935479298,226.3923429370984,48076100
2024-07-10,231.4082794189453,231.50761086701095,227.70344677503346,227.75311249906628,62627700
2024-07-11,226.0347900390625,230.82226580227746,224.2469300453064,229.82901193417422,64710600
2024-07-12,228.9847412109375,231.07058040656065,227.13728840093884,227.37567478656334,53046500
2024-07-15,232.81871032714844,235.62962070976812,231.5175501306247,234.88468027763452,62631300
2024-07-16,233.2358856201172,234.67610072880163,230.76267797901863,233.41466404542834,43234300
2024-07-17,227.33595275878906,229.8985495862513,225.11105861290636,227.90209958898402,57345900
2024-07-18,222.6676483154297,228.88542732552744,220.7705449165008,228.7265030667722,66034600
2024-07-19,222.79676818847656,225.2699757257536,221.7737179376491,223.30333735062962,49151500
2024-07-22,222.44912719726562,226.2433488233659,221.58498608730483,225.4785391555133,48201800
2024-07-23,223.49205017089844,225.40903804109774,221.17776681088287,222.8563682936816,39960300
2024-07-24,217.06568908691406,223.28346786979841,215.66521268088363,222.48886176091068,61777600
2024-07-25,216.0227813720703,219.36011485373604,213.17213256832727,217.45305415919788,51391200
2024-07-26,216.4896240234375,218.0093012590926,214.55276681781487,217.22462220056258,41601300
2024-07-29,216.76773071289062,217.82057739339885,214.2945231128628,215.49636696784094,36311800
2024-07-30,217.32395935058594,218.84363662609175,214.6620309808042,217.71132777069818,41643800
2024-07-31,220.58181762695312,222.31008478832948,219.14160257039833,219.94613576688096,50036300
2024-08-01,216.88693237304688,222.96564167600837,215.55597572208578,222.8563831356547,62501000
2024-08-02,218.37680053710938,224.0780833133434,216.24131073912352,217.6715836076827,105568600
2024-08-05,207.85824584960938,212.0597055615941,194.6777624827749,197.74691336614487,119548600
2024-08-06,205.83200073242188,208.5733911865651,199.7135682482994,203.91502798694503,69660500
2024-08-07,208.404541015625,212.19876304064402,204.99767225034321,205.5042262843129,63516400
2024-08-08,211.87098693847656,212.7549823030523,207.42121371107248,211.67233918968967,47161100
2024-08-09,214.78123474121094,215.31758519349225,210.5400362270979,210.66916408754707,42201600
2024-08-12,216.31259155273438,218.28150622882862,214.39340008618356,214.8607709437837,38028100
2024-08-13,220.0316925048828,220.64821789171992,217.7843306202791,217.7843306202791,44155300
2024-08-14,220.47914123535156,221.78180736898403,218.47044195323042,219.33558330044798,41960600
2024-08-15,223.46237182617188,224.08885093177264,221.51333414952188,223.3430482530648,46414000
2024-08-16,224.78494262695312,225.56057624113714,222.39836482120643,222.6668580486994,44340200
2024-08-19,224.6258087158203,224.7252551363764,221.79175263729985,224.45676193958974,40687800
2024-08-20,225.2423553466797,225.89866536829538,224.18828995199718,224.50650638916653,30299000
2024-08-21,225.13296508789062,226.70412456960102,223.7905293550798,225.25230383574092,34765500
2024-08-22,223.2734375,227.06211276120644,222.6469583809866,226.51518775043243,43695300
2024-08-23,225.57049560546875,226.9427773475752,223.07454817990703,224.39710671028325,38677300
2024-08-26,225.90858459472656,226.00803101617393,222.6370036872603,225.490936936756,30602200
2024-08-27,226.75384521484375,227.5692634267734,223.63141860700006,224.73520717839608,35934600
2024-08-28,225.2224578857422,228.57359288043327,224.41697829182954,226.6444476309267,38052200
2024-08-29,228.50399780273438,231.61648594304322,227.5991020536236,228.8122756660522,51906300
2024-08-30,227.71841430664062,229.11057321557684,226.2069166530855,228.90175696593346,52990800
2024-09-03,221.52328491210938,227.71841483123856,219.9322331496077,227.27093626472063,50190600
2024-09-04,219.61404418945312,220.5388322671096,216.26289369284987,220.4195086889333,43840200
2024-09-05,221.13546752929688,224.2181094473344,220.28027986462445,220.38966486266608,36615400
2024-09-06,219.58419799804688,223.97945984429646,218.54007124155592,222.69667077468378,48423000
2024-09-09,219.67369079589844,220.03167667908036,215.49719894103853,219.58419811845144,67180000
2024-09-10,218.878173828125,220.2405018848782,215.517084853391,217.69483113354613,51591000
2024-09-11,221.41392517089844,221.84151146647733,216.67061540858364,220.22064379959926,44587100
2024-09-12,221.52328491210938,222.29891847364556,218.5897974500539,221.25479170284098,37455600
2024-09-13,221.25477600097656,222.78615069565666,220.66808158488044,222.32873358844014,36766600
2024-09-16,215.10939025878906,216.00434741371936,212.72281255665072,215.32814508742544,59357400
2024-09-17,215.57672119140625,215.68610617984226,213.29954392555678,214.54254826078727,45519300
2024-09-18,219.45492553710938,221.46362499015893,216.322545198334,216.33249894497217,59894900
2024-09-19,227.58914184570312,228.53383738270648,223.37288038958053,223.7308662842885,66781300
2024-09-20,226.9228973388672,231.7855303113645,226.34614143297367,228.6829959505254,318679900
2024-09-23,225.20257568359375,228.16589404695566,224.54626569168985,226.06770192621624,54146000
2024-09-24,226.09751892089844,228.06644877557946,224.46669778796843,227.37035418692216,43556100
2024-09-25,225.10313415527344,226.0179836305296,222.76629484001745,223.67119056847437,42308700
2024-09-26,226.2467041015625,227.22121534991766,224.14851196557498,226.02793410267134,36636700
2024-09-27,226.5151824951172,228.23551159576573,226.0279344568732,227.1814462394898,34026000
2024-09-30,231.69602966308594,231.69602966308594,228.3647716650959,228.75258844686658,54541900
2024-10-01,224.94403076171875,228.36476618305377,222.4878528116685,228.2355040411627,63285000
2024-10-02,225.51084899902344,226.09754348610434,221.77189689552054,224.62583039487592,32880600
2024-10-03,224.40704345703125,225.5406628776434,222.0702042586661,223.88001079844628,34044200
2024-10-04,225.5307159423828,226.72399710298305,222.87566042869454,226.6245506840192,37245100
2024-10-07,220.4493408203125,224.42695529805295,220.09135491038006,223.24361256318196,39505400
2024-10-08,224.5065155029297,224.7153317715784,222.0006140653767,223.04474092880676,31855700
2024-10-09,228.25538635253906,228.46421777631028,223.57175408478048,223.96950943919006,33591100
2024-10-10,227.75819396972656,228.21562630222516,225.89866409237993,226.50525089558744,28183500
2024-10-11,226.2765350341797,228.12612627842185,226.0677036085129,228.0167412789572,31759200
2024-10-14,230.0055694580078,230.43315574832752,227.320682612259,227.42011387416335,39882100
2024-10-15,232.54127502441406,236.16090332060597,231.0695468532438,232.30261271123658,64751400
2024-10-16,230.48284912109375,230.8209426799016,228.55370384388218,230.30386376880503,34082200
2024-10-17,230.8507843017578,232.5412825211578,229.22991678936268,232.12361966628396,32993800
2024-10-18,233.68482971191406,234.8582185948981,232.7003647541102,234.8582185948981,46431500
2024-10-21,235.15655517578125,235.52449481958178,233.13791711516282,233.13791711516282,36254500
2024-10-22,234.54002380371094,234.89800969153723,231.29827366695753,232.5810475805218,38846600
2024-10-23,229.46856689453125,233.82405947286142,226.4853561254601,232.76999409553275,52287000
2024-10-24,229.27964782714844,229.52824872985036,227.13173238618916,228.69293816499177,31109500
2024-10-25,230.1149444580078,231.91481257552053,228.2852454458818,228.4542922398222,38802300
2024-10-28,232.0937957763672,233.4163543943246,231.24856181455635,232.0142568404043,36087100
2024-10-29,232.36228942871094,233.01859945208068,231.01985366097637,231.7954872619061,35417200
2024-10-30,228.81227111816406,232.1634063461827,228.2653461113998,231.30821865562254,47070900
2024-10-31,224.64572143554688,228.54378173572667,224.10873499320775,228.05651850818114,64370100
2024-11-01,221.66250610351562,224.08885327131992,219.03728125399175,219.73336072670745,65276700
2024-11-04,220.7675323486328,221.5431659237015,218.48041626355018,219.7532516264011,44944500
2024-11-05,222.19947814941406,222.6966799421733,219.90240829460964,220.55871830266648,28111300
2024-11-06,221.47357177734375,224.80482991830564,219.95213547791562,221.36418677402693,54561100
2024-11-07,226.20692443847656,226.6046949785728,223.31322152292373,223.37288331058951,42137700
2024-11-08,225.93814086914062,227.63048374280507,225.39061415381417,226.1471868576639,38328800
2024-11-11,223.22042846679688,224.68381119249955,220.50272420052974,223.98696589218596,42005600
2024-11-12,223.22042846679688,224.5743058460154,222.354350392842,223.53899499841924,40398300
2024-11-13,224.10641479492188,225.62952490733255,221.75703985190805,223.00141185159572,48566200
2024-11-14,227.1924591064453,227.83952645793332,223.98695568104733,224.00686988588794,44923900
2024-11-15,223.98695373535156,225.89830725108274,223.26024476090137,225.38064426033654,47923700
2024-11-18,226.9933624267578,228.70561947942855,224.1561882479486,224.23582987715278,44633700
2024-11-19,227.252197265625,229.123737666772,225.63949596937007,225.95804731142948,36211800
2024-11-20,227.9689483642578,228.89475383274825,224.8729502483013,227.0331781982001,35169600
2024-11-21,227.4911346435547,229.12375023514656,224.6937885863231,227.8495144168353,42108300
2024-11-22,228.8350372314453,229.6812162999479,227.03318893672346,227.03318893672346,38168300
2024-11-25,231.82151794433594,232.19981188776785,228.70562083004268,230.41787789282506,90152800
2024-11-26,234.0016632080078,234.50937670519198,232.27945661483375,232.27945661483375,45986200
2024-11-27,233.8722381591797,234.6288260383393,232.75728573526553,233.41431778082386,33498400
2024-11-29,236.26144409179688,236.73927868022366,232.91657159263394,233.75278591990275,28481400
2024-12-02,238.51126098632812,239.70585504150458,236.0922091638524,236.20171450499868,48137100
2024-12-03,241.55747985839844,241.66698519896212,237.82436396202866,238.73027039850206,38861000
2024-12-04,241.91587829589844,243.01093178619982,240.16380790150487,241.7765092325954,44383900
2024-12-05,241.94570922851562,243.438955500192,241.0398180348311,242.89144401931327,40033900
2024-12-06,241.7466278076172,243.52857697582414,240.99005511798387,241.81631992920728,36870600
2024-12-09,245.63902282714844,246.1268220997756,240.66153502923254,240.74117665680967,44649200
2024-12-10,246.65444946289062,247.09247084593116,244.23538234840328,245.77840669680953,36914800
2024-12-11,245.38021850585938,249.67081089954078,245.15124311202538,246.84360125039836,45205800
2024-12-12,246.84359741210938,247.62008434324935,244.57384885559844,245.77840766369866,32777500
2024-12-13,247.0128173828125,248.16758302178013,245.13132757947596,246.70421556592945,33155300
2024-12-16,249.90972900390625,250.24820975700106,246.53499250196242,246.8734732550572,51694800
2024-12-17,252.33872985839844,252.68716009783537,248.655391740455,248.95404406138837,51356400
2024-12-18,246.9331817626953,253.13512753347695,246.62457993830327,251.02467749046986,56774100
2024-12-19,248.66534423828125,250.86540066585474,245.97750369773615,246.3856613682502,60882300
2024-12-20,253.3441925048828,253.8518908180873,244.58381048961357,246.92322076153135,147495300
2024-12-23,254.1206817626953,254.49896052911285,252.30886880268173,253.62293295259332,40858800
2024-12-24,257.0374755859375,257.0474099027653,254.14055892454206,254.3396705835317,23234700
2024-12-26,257.853759765625,258.9289141129315,256.47003399402934,257.0275101814573,27237100
2024-12-27,254.43922424316406,257.53523753189216,251.92061656694878,256.66912911312295,42355300
2024-12-30,251.06448364257812,252.35863351915538,249.6210152068174,251.09434735441482,35557500
